aussen	dop10rgbi_32_338_5663_1_nw_2025.jp2	28164467
aussen	dop10rgbi_32_338_5664_1_nw_2025.jp2	23423608
aussen	dop10rgbi_32_338_5665_1_nw_2025.jp2	25656460
aussen	dop10rgbi_32_338_5666_1_nw_2025.jp2	25884587
aussen	dop10rgbi_32_338_5667_1_nw_2025.jp2	30147272
aussen	dop10rgbi_32_338_5668_1_nw_2025.jp2	35626579
aussen	dop10rgbi_32_338_5669_1_nw_2025.jp2	35729249
aussen	dop10rgbi_32_338_5670_1_nw_2025.jp2	34663002
aussen	dop10rgbi_32_338_5671_1_nw_2025.jp2	33265497
aussen	dop10rgbi_32_338_5672_1_nw_2025.jp2	32471622
aussen	dop10rgbi_32_338_5673_1_nw_2025.jp2	33766295
aussen	dop10rgbi_32_338_5674_1_nw_2025.jp2	37852314
aussen	dop10rgbi_32_338_5675_1_nw_2025.jp2	31083882
aussen	dop10rgbi_32_338_5676_1_nw_2025.jp2	33243177
aussen	dop10rgbi_32_338_5677_1_nw_2025.jp2	28395353
aussen	dop10rgbi_32_338_5678_1_nw_2025.jp2	31191059
aussen	dop10rgbi_32_338_5679_1_nw_2025.jp2	31668136
aussen	dop10rgbi_32_338_5680_1_nw_2025.jp2	36742598
aussen	dop10rgbi_32_338_5681_1_nw_2025.jp2	30851616
aussen	dop10rgbi_32_338_5682_1_nw_2025.jp2	29731742
aussen	dop10rgbi_32_338_5683_1_nw_2025.jp2	28407759
aussen	dop10rgbi_32_338_5684_1_nw_2025.jp2	28797840
aussen	dop10rgbi_32_338_5685_1_nw_2025.jp2	28185345
aussen	dop10rgbi_32_338_5686_1_nw_2025.jp2	36480413
aussen	dop10rgbi_32_338_5687_1_nw_2025.jp2	30297910
aussen	dop10rgbi_32_338_5688_1_nw_2024.jp2	32979850
aussen	dop10rgbi_32_338_5689_1_nw_2024.jp2	37131608
aussen	dop10rgbi_32_338_5690_1_nw_2024.jp2	21872393
aussen	dop10rgbi_32_338_5691_1_nw_2024.jp2	35534925
aussen	dop10rgbi_32_338_5692_1_nw_2024.jp2	32126941
aussen	dop10rgbi_32_338_5693_1_nw_2024.jp2	20929735
aussen	dop10rgbi_32_338_5694_1_nw_2024.jp2	34352965
aussen	dop10rgbi_32_338_5695_1_nw_2024.jp2	36727381
aussen	dop10rgbi_32_338_5696_1_nw_2024.jp2	34283664
aussen	dop10rgbi_32_338_5697_1_nw_2024.jp2	24128730
aussen	dop10rgbi_32_339_5663_1_nw_2025.jp2	23903045
aussen	dop10rgbi_32_339_5664_1_nw_2025.jp2	22556183
aussen	dop10rgbi_32_339_5665_1_nw_2025.jp2	27644101
aussen	dop10rgbi_32_339_5666_1_nw_2025.jp2	28195202
aussen	dop10rgbi_32_339_5667_1_nw_2025.jp2	26289026
aussen	dop10rgbi_32_339_5668_1_nw_2025.jp2	32334552
aussen	dop10rgbi_32_339_5669_1_nw_2025.jp2	30294427
aussen	dop10rgbi_32_339_5670_1_nw_2025.jp2	32281542
aussen	dop10rgbi_32_339_5671_1_nw_2025.jp2	32371633
aussen	dop10rgbi_32_339_5672_1_nw_2025.jp2	34229486
aussen	dop10rgbi_32_339_5673_1_nw_2025.jp2	33340224
aussen	dop10rgbi_32_339_5674_1_nw_2025.jp2	31157052
aussen	dop10rgbi_32_339_5675_1_nw_2025.jp2	27012664
aussen	dop10rgbi_32_339_5676_1_nw_2025.jp2	27605005
aussen	dop10rgbi_32_339_5677_1_nw_2025.jp2	29898651
aussen	dop10rgbi_32_339_5678_1_nw_2025.jp2	32353111
aussen	dop10rgbi_32_339_5679_1_nw_2025.jp2	36253156
aussen	dop10rgbi_32_339_5680_1_nw_2025.jp2	35804641
aussen	dop10rgbi_32_339_5681_1_nw_2025.jp2	25371036
aussen	dop10rgbi_32_339_5682_1_nw_2025.jp2	19910365
aussen	dop10rgbi_32_339_5683_1_nw_2025.jp2	28402215
aussen	dop10rgbi_32_339_5684_1_nw_2025.jp2	27559434
aussen	dop10rgbi_32_339_5685_1_nw_2025.jp2	30219143
aussen	dop10rgbi_32_339_5686_1_nw_2025.jp2	27219083
aussen	dop10rgbi_32_339_5687_1_nw_2025.jp2	23256065
aussen	dop10rgbi_32_339_5688_1_nw_2024.jp2	34796961
aussen	dop10rgbi_32_339_5689_1_nw_2024.jp2	40230120
aussen	dop10rgbi_32_339_5690_1_nw_2024.jp2	29427674
aussen	dop10rgbi_32_339_5691_1_nw_2024.jp2	35208267
aussen	dop10rgbi_32_339_5692_1_nw_2024.jp2	31967617
aussen	dop10rgbi_32_339_5693_1_nw_2024.jp2	21070055
aussen	dop10rgbi_32_339_5694_1_nw_2024.jp2	31124256
aussen	dop10rgbi_32_339_5695_1_nw_2024.jp2	35573153
aussen	dop10rgbi_32_339_5696_1_nw_2024.jp2	37207894
aussen	dop10rgbi_32_339_5697_1_nw_2024.jp2	38741794
aussen	dop10rgbi_32_340_5663_1_nw_2025.jp2	26706009
aussen	dop10rgbi_32_340_5664_1_nw_2025.jp2	29703739
aussen	dop10rgbi_32_340_5665_1_nw_2025.jp2	35884956
aussen	dop10rgbi_32_340_5666_1_nw_2025.jp2	31671120
aussen	dop10rgbi_32_340_5667_1_nw_2025.jp2	23967108
aussen	dop10rgbi_32_340_5668_1_nw_2025.jp2	30928798
aussen	dop10rgbi_32_340_5669_1_nw_2025.jp2	28454853
aussen	dop10rgbi_32_340_5670_1_nw_2025.jp2	25760024
aussen	dop10rgbi_32_340_5671_1_nw_2025.jp2	33277121
aussen	dop10rgbi_32_340_5672_1_nw_2025.jp2	34579725
aussen	dop10rgbi_32_340_5673_1_nw_2025.jp2	31466797
aussen	dop10rgbi_32_340_5674_1_nw_2025.jp2	28881935
aussen	dop10rgbi_32_340_5675_1_nw_2025.jp2	31280147
aussen	dop10rgbi_32_340_5676_1_nw_2025.jp2	31647495
aussen	dop10rgbi_32_340_5677_1_nw_2025.jp2	26964026
aussen	dop10rgbi_32_340_5678_1_nw_2025.jp2	34910884
aussen	dop10rgbi_32_340_5679_1_nw_2025.jp2	35074032
aussen	dop10rgbi_32_340_5680_1_nw_2025.jp2	31566608
aussen	dop10rgbi_32_340_5681_1_nw_2025.jp2	20524982
aussen	dop10rgbi_32_340_5682_1_nw_2025.jp2	26692815
aussen	dop10rgbi_32_340_5683_1_nw_2025.jp2	20397599
aussen	dop10rgbi_32_340_5684_1_nw_2025.jp2	20953570
aussen	dop10rgbi_32_340_5685_1_nw_2025.jp2	30682016
aussen	dop10rgbi_32_340_5686_1_nw_2025.jp2	23582383
aussen	dop10rgbi_32_340_5687_1_nw_2025.jp2	33701870
aussen	dop10rgbi_32_340_5688_1_nw_2024.jp2	45041921
aussen	dop10rgbi_32_340_5689_1_nw_2024.jp2	28113312
aussen	dop10rgbi_32_340_5690_1_nw_2024.jp2	33990948
aussen	dop10rgbi_32_340_5691_1_nw_2024.jp2	39150181
aussen	dop10rgbi_32_340_5692_1_nw_2024.jp2	32270784
aussen	dop10rgbi_32_340_5693_1_nw_2024.jp2	25354089
aussen	dop10rgbi_32_340_5694_1_nw_2024.jp2	30887195
aussen	dop10rgbi_32_340_5695_1_nw_2024.jp2	37789787
aussen	dop10rgbi_32_340_5696_1_nw_2024.jp2	37066176
aussen	dop10rgbi_32_340_5697_1_nw_2024.jp2	37361519
aussen	dop10rgbi_32_341_5663_1_nw_2025.jp2	32929209
aussen	dop10rgbi_32_341_5664_1_nw_2025.jp2	36213348
aussen	dop10rgbi_32_341_5665_1_nw_2025.jp2	38562027
aussen	dop10rgbi_32_341_5666_1_nw_2025.jp2	33698615
aussen	dop10rgbi_32_341_5667_1_nw_2025.jp2	30751051
aussen	dop10rgbi_32_341_5668_1_nw_2025.jp2	34451550
aussen	dop10rgbi_32_341_5669_1_nw_2025.jp2	34021515
aussen	dop10rgbi_32_341_5670_1_nw_2025.jp2	35119221
aussen	dop10rgbi_32_341_5671_1_nw_2025.jp2	33449656
aussen	dop10rgbi_32_341_5672_1_nw_2025.jp2	26214983
aussen	dop10rgbi_32_341_5673_1_nw_2025.jp2	19212964
aussen	dop10rgbi_32_341_5674_1_nw_2025.jp2	21190282
aussen	dop10rgbi_32_341_5675_1_nw_2025.jp2	23294144
aussen	dop10rgbi_32_341_5676_1_nw_2025.jp2	21897929
aussen	dop10rgbi_32_341_5677_1_nw_2025.jp2	19112686
aussen	dop10rgbi_32_341_5678_1_nw_2025.jp2	33468770
aussen	dop10rgbi_32_341_5679_1_nw_2025.jp2	34238826
aussen	dop10rgbi_32_341_5680_1_nw_2025.jp2	23218853
aussen	dop10rgbi_32_341_5681_1_nw_2025.jp2	27669921
aussen	dop10rgbi_32_341_5682_1_nw_2025.jp2	31812803
aussen	dop10rgbi_32_341_5683_1_nw_2025.jp2	32832471
aussen	dop10rgbi_32_341_5684_1_nw_2025.jp2	27447535
aussen	dop10rgbi_32_341_5685_1_nw_2025.jp2	20308797
aussen	dop10rgbi_32_341_5686_1_nw_2025.jp2	22978916
aussen	dop10rgbi_32_341_5687_1_nw_2025.jp2	31398827
aussen	dop10rgbi_32_341_5688_1_nw_2024.jp2	29399811
aussen	dop10rgbi_32_341_5689_1_nw_2024.jp2	36624818
aussen	dop10rgbi_32_341_5690_1_nw_2024.jp2	33026766
aussen	dop10rgbi_32_341_5691_1_nw_2024.jp2	37096320
aussen	dop10rgbi_32_341_5692_1_nw_2024.jp2	34165493
aussen	dop10rgbi_32_341_5693_1_nw_2024.jp2	33524822
aussen	dop10rgbi_32_341_5694_1_nw_2024.jp2	19976898
aussen	dop10rgbi_32_341_5695_1_nw_2024.jp2	31388285
aussen	dop10rgbi_32_341_5696_1_nw_2024.jp2	31444324
aussen	dop10rgbi_32_341_5697_1_nw_2024.jp2	39503070
aussen	dop10rgbi_32_342_5663_1_nw_2025.jp2	28456854
aussen	dop10rgbi_32_342_5664_1_nw_2025.jp2	34785847
aussen	dop10rgbi_32_342_5665_1_nw_2025.jp2	35978719
aussen	dop10rgbi_32_342_5666_1_nw_2025.jp2	30201463
aussen	dop10rgbi_32_342_5667_1_nw_2025.jp2	33602324
aussen	dop10rgbi_32_342_5668_1_nw_2025.jp2	28440710
aussen	dop10rgbi_32_342_5669_1_nw_2025.jp2	24858477
aussen	dop10rgbi_32_342_5670_1_nw_2025.jp2	28203332
aussen	dop10rgbi_32_342_5671_1_nw_2025.jp2	32689113
aussen	dop10rgbi_32_342_5672_1_nw_2025.jp2	22540315
aussen	dop10rgbi_32_342_5673_1_nw_2025.jp2	32914960
aussen	dop10rgbi_32_342_5674_1_nw_2025.jp2	31898385
aussen	dop10rgbi_32_342_5675_1_nw_2025.jp2	32200385
aussen	dop10rgbi_32_342_5676_1_nw_2025.jp2	22705264
aussen	dop10rgbi_32_342_5677_1_nw_2025.jp2	23516362
aussen	dop10rgbi_32_342_5678_1_nw_2025.jp2	38114009
aussen	dop10rgbi_32_342_5679_1_nw_2025.jp2	34323798
aussen	dop10rgbi_32_342_5680_1_nw_2025.jp2	20903405
aussen	dop10rgbi_32_342_5681_1_nw_2025.jp2	31797447
aussen	dop10rgbi_32_342_5682_1_nw_2025.jp2	33526532
aussen	dop10rgbi_32_342_5683_1_nw_2025.jp2	31635031
aussen	dop10rgbi_32_342_5684_1_nw_2025.jp2	32857152
aussen	dop10rgbi_32_342_5685_1_nw_2025.jp2	36887484
aussen	dop10rgbi_32_342_5686_1_nw_2025.jp2	27419919
aussen	dop10rgbi_32_342_5687_1_nw_2025.jp2	27132746
aussen	dop10rgbi_32_342_5688_1_nw_2025.jp2	35391713
aussen	dop10rgbi_32_342_5689_1_nw_2025.jp2	28951342
aussen	dop10rgbi_32_342_5690_1_nw_2024.jp2	38576087
aussen	dop10rgbi_32_342_5691_1_nw_2024.jp2	35742370
aussen	dop10rgbi_32_342_5692_1_nw_2024.jp2	37234173
aussen	dop10rgbi_32_342_5693_1_nw_2024.jp2	37088702
aussen	dop10rgbi_32_342_5694_1_nw_2024.jp2	34736613
aussen	dop10rgbi_32_342_5695_1_nw_2024.jp2	22649789
aussen	dop10rgbi_32_342_5696_1_nw_2024.jp2	29870880
aussen	dop10rgbi_32_342_5697_1_nw_2024.jp2	33866120
aussen	dop10rgbi_32_343_5663_1_nw_2025.jp2	22948371
aussen	dop10rgbi_32_343_5664_1_nw_2025.jp2	31994831
aussen	dop10rgbi_32_343_5665_1_nw_2025.jp2	33440555
aussen	dop10rgbi_32_343_5666_1_nw_2025.jp2	26760606
aussen	dop10rgbi_32_343_5667_1_nw_2025.jp2	33217141
aussen	dop10rgbi_32_343_5668_1_nw_2025.jp2	30121503
aussen	dop10rgbi_32_343_5669_1_nw_2025.jp2	26748923
aussen	dop10rgbi_32_343_5670_1_nw_2025.jp2	31255758
aussen	dop10rgbi_32_343_5671_1_nw_2025.jp2	33864435
aussen	dop10rgbi_32_343_5672_1_nw_2025.jp2	22904774
aussen	dop10rgbi_32_343_5673_1_nw_2025.jp2	32897045
aussen	dop10rgbi_32_343_5674_1_nw_2025.jp2	34489001
aussen	dop10rgbi_32_343_5675_1_nw_2025.jp2	33829498
aussen	dop10rgbi_32_343_5676_1_nw_2025.jp2	20416757
aussen	dop10rgbi_32_343_5677_1_nw_2025.jp2	29003405
aussen	dop10rgbi_32_343_5678_1_nw_2025.jp2	33420007
aussen	dop10rgbi_32_343_5679_1_nw_2025.jp2	21559460
aussen	dop10rgbi_32_343_5680_1_nw_2025.jp2	33705646
aussen	dop10rgbi_32_343_5681_1_nw_2025.jp2	36982823
aussen	dop10rgbi_32_343_5682_1_nw_2025.jp2	28563893
aussen	dop10rgbi_32_343_5683_1_nw_2025.jp2	19965449
aussen	dop10rgbi_32_343_5684_1_nw_2025.jp2	24800666
aussen	dop10rgbi_32_343_5685_1_nw_2025.jp2	32339532
aussen	dop10rgbi_32_343_5686_1_nw_2025.jp2	34325193
aussen	dop10rgbi_32_343_5687_1_nw_2025.jp2	34008676
aussen	dop10rgbi_32_343_5688_1_nw_2025.jp2	27579117
aussen	dop10rgbi_32_343_5689_1_nw_2025.jp2	29770896
aussen	dop10rgbi_32_343_5690_1_nw_2024.jp2	34536359
aussen	dop10rgbi_32_343_5691_1_nw_2024.jp2	33448919
aussen	dop10rgbi_32_343_5692_1_nw_2024.jp2	39642266
aussen	dop10rgbi_32_343_5693_1_nw_2024.jp2	38595343
aussen	dop10rgbi_32_343_5694_1_nw_2024.jp2	38163110
aussen	dop10rgbi_32_343_5695_1_nw_2024.jp2	37497657
aussen	dop10rgbi_32_343_5696_1_nw_2024.jp2	29013289
aussen	dop10rgbi_32_343_5697_1_nw_2024.jp2	26421482
aussen	dop10rgbi_32_344_5663_1_nw_2025.jp2	11099458
aussen	dop10rgbi_32_344_5664_1_nw_2025.jp2	36112786
aussen	dop10rgbi_32_344_5665_1_nw_2025.jp2	35656903
aussen	dop10rgbi_32_344_5666_1_nw_2025.jp2	32644242
aussen	dop10rgbi_32_344_5667_1_nw_2025.jp2	29349203
aussen	dop10rgbi_32_344_5668_1_nw_2025.jp2	27538809
aussen	dop10rgbi_32_344_5669_1_nw_2025.jp2	30127775
aussen	dop10rgbi_32_344_5670_1_nw_2025.jp2	32319157
aussen	dop10rgbi_32_344_5671_1_nw_2025.jp2	29508281
aussen	dop10rgbi_32_344_5672_1_nw_2025.jp2	24722126
aussen	dop10rgbi_32_344_5673_1_nw_2025.jp2	33454602
aussen	dop10rgbi_32_344_5674_1_nw_2025.jp2	33578318
aussen	dop10rgbi_32_344_5675_1_nw_2025.jp2	35076581
aussen	dop10rgbi_32_344_5676_1_nw_2025.jp2	31847123
aussen	dop10rgbi_32_344_5677_1_nw_2025.jp2	24586804
aussen	dop10rgbi_32_344_5678_1_nw_2025.jp2	26308734
aussen	dop10rgbi_32_344_5679_1_nw_2025.jp2	35985261
aussen	dop10rgbi_32_344_5680_1_nw_2025.jp2	35981710
aussen	dop10rgbi_32_344_5681_1_nw_2025.jp2	36005446
aussen	dop10rgbi_32_344_5682_1_nw_2025.jp2	33597862
aussen	dop10rgbi_32_344_5683_1_nw_2025.jp2	27911376
aussen	dop10rgbi_32_344_5684_1_nw_2025.jp2	23319125
aussen	dop10rgbi_32_344_5685_1_nw_2025.jp2	27276585
aussen	dop10rgbi_32_344_5686_1_nw_2025.jp2	28398179
aussen	dop10rgbi_32_344_5687_1_nw_2025.jp2	27338562
aussen	dop10rgbi_32_344_5688_1_nw_2025.jp2	32879233
aussen	dop10rgbi_32_344_5689_1_nw_2025.jp2	30385030
aussen	dop10rgbi_32_344_5690_1_nw_2024.jp2	34250969
aussen	dop10rgbi_32_344_5691_1_nw_2024.jp2	22785327
aussen	dop10rgbi_32_344_5692_1_nw_2024.jp2	30300899
aussen	dop10rgbi_32_344_5693_1_nw_2024.jp2	37589607
aussen	dop10rgbi_32_344_5694_1_nw_2024.jp2	38931881
aussen	dop10rgbi_32_344_5695_1_nw_2024.jp2	39059158
aussen	dop10rgbi_32_344_5696_1_nw_2024.jp2	39291411
aussen	dop10rgbi_32_344_5697_1_nw_2024.jp2	37738288
aussen	dop10rgbi_32_345_5663_1_nw_2025.jp2	24903306
aussen	dop10rgbi_32_345_5664_1_nw_2025.jp2	27577141
aussen	dop10rgbi_32_345_5665_1_nw_2025.jp2	33489976
aussen	dop10rgbi_32_345_5666_1_nw_2025.jp2	32056166
aussen	dop10rgbi_32_345_5667_1_nw_2025.jp2	30500335
aussen	dop10rgbi_32_345_5668_1_nw_2025.jp2	21808252
aussen	dop10rgbi_32_345_5669_1_nw_2025.jp2	28330195
aussen	dop10rgbi_32_345_5670_1_nw_2025.jp2	30102906
aussen	dop10rgbi_32_345_5671_1_nw_2025.jp2	27588105
aussen	dop10rgbi_32_345_5672_1_nw_2025.jp2	22138231
aussen	dop10rgbi_32_345_5673_1_nw_2025.jp2	32344997
aussen	dop10rgbi_32_345_5674_1_nw_2025.jp2	34073972
aussen	dop10rgbi_32_345_5675_1_nw_2025.jp2	34166646
aussen	dop10rgbi_32_345_5676_1_nw_2025.jp2	35982517
aussen	dop10rgbi_32_345_5677_1_nw_2025.jp2	34679417
aussen	dop10rgbi_32_345_5678_1_nw_2025.jp2	36262707
aussen	dop10rgbi_32_345_5679_1_nw_2025.jp2	36089400
aussen	dop10rgbi_32_345_5680_1_nw_2025.jp2	31997130
aussen	dop10rgbi_32_345_5681_1_nw_2025.jp2	34867315
aussen	dop10rgbi_32_345_5682_1_nw_2025.jp2	37450959
aussen	dop10rgbi_32_345_5683_1_nw_2025.jp2	34634021
aussen	dop10rgbi_32_345_5684_1_nw_2025.jp2	25421705
aussen	dop10rgbi_32_345_5685_1_nw_2025.jp2	30003783
aussen	dop10rgbi_32_345_5686_1_nw_2025.jp2	37055008
aussen	dop10rgbi_32_345_5687_1_nw_2025.jp2	21917034
aussen	dop10rgbi_32_345_5688_1_nw_2025.jp2	36642494
aussen	dop10rgbi_32_345_5689_1_nw_2025.jp2	28665636
aussen	dop10rgbi_32_345_5690_1_nw_2024.jp2	39220291
aussen	dop10rgbi_32_345_5691_1_nw_2024.jp2	38032469
aussen	dop10rgbi_32_345_5692_1_nw_2024.jp2	37391138
aussen	dop10rgbi_32_345_5693_1_nw_2024.jp2	38623460
aussen	dop10rgbi_32_345_5694_1_nw_2024.jp2	37965683
aussen	dop10rgbi_32_345_5695_1_nw_2024.jp2	37745498
aussen	dop10rgbi_32_345_5696_1_nw_2024.jp2	37881528
aussen	dop10rgbi_32_345_5697_1_nw_2024.jp2	34373619
aussen	dop10rgbi_32_346_5663_1_nw_2025.jp2	31526963
aussen	dop10rgbi_32_346_5664_1_nw_2025.jp2	29075884
aussen	dop10rgbi_32_346_5665_1_nw_2025.jp2	32057505
aussen	dop10rgbi_32_346_5666_1_nw_2025.jp2	30086343
aussen	dop10rgbi_32_346_5667_1_nw_2025.jp2	31132671
aussen	dop10rgbi_32_346_5668_1_nw_2025.jp2	27926041
aussen	dop10rgbi_32_346_5669_1_nw_2025.jp2	27224280
aussen	dop10rgbi_32_346_5670_1_nw_2025.jp2	27134639
aussen	dop10rgbi_32_346_5671_1_nw_2025.jp2	25264377
aussen	dop10rgbi_32_346_5672_1_nw_2025.jp2	32909925
aussen	dop10rgbi_32_346_5673_1_nw_2025.jp2	28153545
aussen	dop10rgbi_32_346_5674_1_nw_2025.jp2	34140412
aussen	dop10rgbi_32_346_5675_1_nw_2025.jp2	33786632
aussen	dop10rgbi_32_346_5676_1_nw_2025.jp2	34801064
aussen	dop10rgbi_32_346_5677_1_nw_2025.jp2	35388698
aussen	dop10rgbi_32_346_5678_1_nw_2025.jp2	37861023
aussen	dop10rgbi_32_346_5679_1_nw_2025.jp2	35042301
aussen	dop10rgbi_32_346_5680_1_nw_2025.jp2	37360675
aussen	dop10rgbi_32_346_5681_1_nw_2025.jp2	34701669
aussen	dop10rgbi_32_346_5682_1_nw_2025.jp2	34165796
aussen	dop10rgbi_32_346_5683_1_nw_2025.jp2	38817900
aussen	dop10rgbi_32_346_5684_1_nw_2025.jp2	30709209
aussen	dop10rgbi_32_346_5685_1_nw_2025.jp2	38648696
aussen	dop10rgbi_32_346_5686_1_nw_2025.jp2	37584029
aussen	dop10rgbi_32_346_5687_1_nw_2025.jp2	34930200
aussen	dop10rgbi_32_346_5688_1_nw_2025.jp2	38526074
aussen	dop10rgbi_32_346_5689_1_nw_2025.jp2	40217467
aussen	dop10rgbi_32_346_5690_1_nw_2024.jp2	35541613
aussen	dop10rgbi_32_346_5691_1_nw_2024.jp2	36933195
aussen	dop10rgbi_32_346_5692_1_nw_2024.jp2	36102795
aussen	dop10rgbi_32_346_5693_1_nw_2024.jp2	27933639
aussen	dop10rgbi_32_346_5694_1_nw_2024.jp2	17027551
aussen	dop10rgbi_32_346_5695_1_nw_2024.jp2	33290357
aussen	dop10rgbi_32_346_5696_1_nw_2024.jp2	31569715
aussen	dop10rgbi_32_346_5697_1_nw_2024.jp2	28272956
aussen	dop10rgbi_32_347_5663_1_nw_2025.jp2	34206979
aussen	dop10rgbi_32_347_5664_1_nw_2025.jp2	34226330
aussen	dop10rgbi_32_347_5665_1_nw_2025.jp2	29908987
aussen	dop10rgbi_32_347_5666_1_nw_2025.jp2	29547253
aussen	dop10rgbi_32_347_5667_1_nw_2025.jp2	33945833
aussen	dop10rgbi_32_347_5668_1_nw_2025.jp2	21224556
aussen	dop10rgbi_32_347_5669_1_nw_2025.jp2	30631602
aussen	dop10rgbi_32_347_5670_1_nw_2025.jp2	31789387
aussen	dop10rgbi_32_347_5671_1_nw_2025.jp2	32915577
aussen	dop10rgbi_32_347_5672_1_nw_2025.jp2	33914846
aussen	dop10rgbi_32_347_5673_1_nw_2025.jp2	32281052
aussen	dop10rgbi_32_347_5674_1_nw_2025.jp2	37061363
aussen	dop10rgbi_32_347_5675_1_nw_2025.jp2	34191893
aussen	dop10rgbi_32_347_5676_1_nw_2025.jp2	32890705
aussen	dop10rgbi_32_347_5677_1_nw_2025.jp2	35308019
aussen	dop10rgbi_32_347_5678_1_nw_2025.jp2	36386474
aussen	dop10rgbi_32_347_5679_1_nw_2025.jp2	36502035
aussen	dop10rgbi_32_347_5680_1_nw_2025.jp2	34557158
aussen	dop10rgbi_32_347_5681_1_nw_2025.jp2	34526007
aussen	dop10rgbi_32_347_5682_1_nw_2025.jp2	35613103
aussen	dop10rgbi_32_347_5683_1_nw_2025.jp2	27169169
aussen	dop10rgbi_32_347_5684_1_nw_2025.jp2	34967794
aussen	dop10rgbi_32_347_5685_1_nw_2025.jp2	37401459
aussen	dop10rgbi_32_347_5686_1_nw_2025.jp2	37788326
aussen	dop10rgbi_32_347_5687_1_nw_2025.jp2	42135698
aussen	dop10rgbi_32_347_5688_1_nw_2025.jp2	38199449
aussen	dop10rgbi_32_347_5689_1_nw_2025.jp2	36878167
aussen	dop10rgbi_32_347_5690_1_nw_2024.jp2	35456310
aussen	dop10rgbi_32_347_5691_1_nw_2024.jp2	32941491
aussen	dop10rgbi_32_347_5692_1_nw_2024.jp2	35629364
aussen	dop10rgbi_32_347_5693_1_nw_2024.jp2	31814189
aussen	dop10rgbi_32_347_5694_1_nw_2024.jp2	33475686
aussen	dop10rgbi_32_347_5695_1_nw_2024.jp2	36770680
aussen	dop10rgbi_32_347_5696_1_nw_2024.jp2	38057138
aussen	dop10rgbi_32_347_5697_1_nw_2024.jp2	38038660
aussen	dop10rgbi_32_348_5663_1_nw_2025.jp2	25577841
aussen	dop10rgbi_32_348_5664_1_nw_2025.jp2	22511232
aussen	dop10rgbi_32_348_5665_1_nw_2025.jp2	33916916
aussen	dop10rgbi_32_348_5666_1_nw_2025.jp2	28943965
aussen	dop10rgbi_32_348_5667_1_nw_2025.jp2	27761205
aussen	dop10rgbi_32_348_5668_1_nw_2025.jp2	28346090
aussen	dop10rgbi_32_348_5669_1_nw_2025.jp2	23091453
aussen	dop10rgbi_32_348_5670_1_nw_2025.jp2	27923470
aussen	dop10rgbi_32_348_5671_1_nw_2025.jp2	31983227
aussen	dop10rgbi_32_348_5672_1_nw_2025.jp2	35153905
aussen	dop10rgbi_32_348_5673_1_nw_2025.jp2	32552248
aussen	dop10rgbi_32_348_5674_1_nw_2025.jp2	37500947
aussen	dop10rgbi_32_348_5675_1_nw_2025.jp2	34983556
aussen	dop10rgbi_32_348_5676_1_nw_2025.jp2	32111626
aussen	dop10rgbi_32_348_5677_1_nw_2025.jp2	33950808
aussen	dop10rgbi_32_348_5678_1_nw_2025.jp2	35512238
aussen	dop10rgbi_32_348_5679_1_nw_2025.jp2	37940363
aussen	dop10rgbi_32_348_5680_1_nw_2025.jp2	39730753
aussen	dop10rgbi_32_348_5681_1_nw_2025.jp2	38619053
aussen	dop10rgbi_32_348_5682_1_nw_2025.jp2	41526361
aussen	dop10rgbi_32_348_5683_1_nw_2025.jp2	34077485
aussen	dop10rgbi_32_348_5684_1_nw_2025.jp2	35443628
aussen	dop10rgbi_32_348_5685_1_nw_2025.jp2	36523311
aussen	dop10rgbi_32_348_5686_1_nw_2025.jp2	37150817
aussen	dop10rgbi_32_348_5687_1_nw_2025.jp2	38754154
aussen	dop10rgbi_32_348_5688_1_nw_2025.jp2	38947205
aussen	dop10rgbi_32_348_5689_1_nw_2025.jp2	38794881
aussen	dop10rgbi_32_348_5690_1_nw_2024.jp2	38723436
aussen	dop10rgbi_32_348_5691_1_nw_2024.jp2	33537553
aussen	dop10rgbi_32_348_5692_1_nw_2024.jp2	34286254
aussen	dop10rgbi_32_348_5693_1_nw_2024.jp2	35059129
aussen	dop10rgbi_32_348_5694_1_nw_2024.jp2	33860820
aussen	dop10rgbi_32_348_5695_1_nw_2024.jp2	36698090
aussen	dop10rgbi_32_348_5696_1_nw_2024.jp2	37297818
aussen	dop10rgbi_32_348_5697_1_nw_2024.jp2	37185321
aussen	dop10rgbi_32_349_5663_1_nw_2025.jp2	33492193
aussen	dop10rgbi_32_349_5664_1_nw_2025.jp2	34054644
aussen	dop10rgbi_32_349_5665_1_nw_2025.jp2	30849124
aussen	dop10rgbi_32_349_5666_1_nw_2025.jp2	21755196
aussen	dop10rgbi_32_349_5667_1_nw_2025.jp2	20863375
aussen	dop10rgbi_32_349_5668_1_nw_2025.jp2	24856472
aussen	dop10rgbi_32_349_5669_1_nw_2025.jp2	28601070
aussen	dop10rgbi_32_349_5670_1_nw_2025.jp2	26823366
aussen	dop10rgbi_32_349_5671_1_nw_2025.jp2	32281487
aussen	dop10rgbi_32_349_5672_1_nw_2025.jp2	32979023
aussen	dop10rgbi_32_349_5673_1_nw_2025.jp2	33046849
aussen	dop10rgbi_32_349_5674_1_nw_2025.jp2	37123099
aussen	dop10rgbi_32_349_5675_1_nw_2025.jp2	38591864
aussen	dop10rgbi_32_349_5676_1_nw_2025.jp2	36243166
aussen	dop10rgbi_32_349_5677_1_nw_2025.jp2	37488806
aussen	dop10rgbi_32_349_5678_1_nw_2025.jp2	39036490
aussen	dop10rgbi_32_349_5679_1_nw_2025.jp2	39013543
aussen	dop10rgbi_32_349_5680_1_nw_2025.jp2	33106543
aussen	dop10rgbi_32_349_5681_1_nw_2025.jp2	37080899
aussen	dop10rgbi_32_349_5682_1_nw_2025.jp2	37418252
aussen	dop10rgbi_32_349_5683_1_nw_2025.jp2	36068945
aussen	dop10rgbi_32_349_5684_1_nw_2025.jp2	38543933
aussen	dop10rgbi_32_349_5685_1_nw_2025.jp2	36307978
aussen	dop10rgbi_32_349_5686_1_nw_2025.jp2	36663229
aussen	dop10rgbi_32_349_5687_1_nw_2025.jp2	39286954
aussen	dop10rgbi_32_349_5688_1_nw_2025.jp2	39043486
aussen	dop10rgbi_32_349_5689_1_nw_2025.jp2	42474846
aussen	dop10rgbi_32_349_5690_1_nw_2024.jp2	34982830
aussen	dop10rgbi_32_349_5691_1_nw_2024.jp2	32878128
aussen	dop10rgbi_32_349_5692_1_nw_2024.jp2	31206316
aussen	dop10rgbi_32_349_5693_1_nw_2024.jp2	34007815
aussen	dop10rgbi_32_349_5694_1_nw_2024.jp2	32976366
aussen	dop10rgbi_32_349_5695_1_nw_2024.jp2	34864519
aussen	dop10rgbi_32_349_5696_1_nw_2024.jp2	37016869
aussen	dop10rgbi_32_349_5697_1_nw_2024.jp2	37371991
aussen	dop10rgbi_32_350_5663_1_nw_2025.jp2	27996716
aussen	dop10rgbi_32_350_5664_1_nw_2025.jp2	22495192
aussen	dop10rgbi_32_350_5665_1_nw_2025.jp2	14907790
aussen	dop10rgbi_32_350_5666_1_nw_2025.jp2	22625665
aussen	dop10rgbi_32_350_5667_1_nw_2025.jp2	28972432
aussen	dop10rgbi_32_350_5668_1_nw_2025.jp2	31800101
aussen	dop10rgbi_32_350_5669_1_nw_2025.jp2	27059040
aussen	dop10rgbi_32_350_5670_1_nw_2025.jp2	29341726
aussen	dop10rgbi_32_350_5671_1_nw_2025.jp2	31398019
aussen	dop10rgbi_32_350_5672_1_nw_2025.jp2	32157114
aussen	dop10rgbi_32_350_5673_1_nw_2025.jp2	31934170
aussen	dop10rgbi_32_350_5674_1_nw_2025.jp2	38808122
aussen	dop10rgbi_32_350_5675_1_nw_2025.jp2	37670673
aussen	dop10rgbi_32_350_5676_1_nw_2025.jp2	32867055
aussen	dop10rgbi_32_350_5677_1_nw_2025.jp2	37478715
aussen	dop10rgbi_32_350_5678_1_nw_2025.jp2	37220223
aussen	dop10rgbi_32_350_5679_1_nw_2025.jp2	36413704
aussen	dop10rgbi_32_350_5680_1_nw_2025.jp2	35784683
aussen	dop10rgbi_32_350_5681_1_nw_2025.jp2	32650899
aussen	dop10rgbi_32_350_5682_1_nw_2025.jp2	31599883
aussen	dop10rgbi_32_350_5683_1_nw_2025.jp2	35651286
aussen	dop10rgbi_32_350_5684_1_nw_2025.jp2	39531586
aussen	dop10rgbi_32_350_5685_1_nw_2025.jp2	42364735
aussen	dop10rgbi_32_350_5686_1_nw_2025.jp2	41611551
aussen	dop10rgbi_32_350_5687_1_nw_2025.jp2	40690397
aussen	dop10rgbi_32_350_5688_1_nw_2025.jp2	43453503
aussen	dop10rgbi_32_350_5689_1_nw_2025.jp2	40505716
aussen	dop10rgbi_32_350_5690_1_nw_2024.jp2	35541271
aussen	dop10rgbi_32_350_5691_1_nw_2024.jp2	34377648
aussen	dop10rgbi_32_350_5692_1_nw_2024.jp2	32268527
aussen	dop10rgbi_32_350_5693_1_nw_2024.jp2	32153761
aussen	dop10rgbi_32_350_5694_1_nw_2024.jp2	34636799
aussen	dop10rgbi_32_350_5695_1_nw_2024.jp2	34305944
aussen	dop10rgbi_32_350_5696_1_nw_2024.jp2	39660355
aussen	dop10rgbi_32_350_5697_1_nw_2024.jp2	40008516
aussen	dop10rgbi_32_351_5663_1_nw_2025.jp2	19286546
aussen	dop10rgbi_32_351_5664_1_nw_2025.jp2	20237086
aussen	dop10rgbi_32_351_5665_1_nw_2025.jp2	32335636
aussen	dop10rgbi_32_351_5666_1_nw_2025.jp2	30987314
aussen	dop10rgbi_32_351_5667_1_nw_2025.jp2	25528234
aussen	dop10rgbi_32_351_5668_1_nw_2025.jp2	35582399
aussen	dop10rgbi_32_351_5669_1_nw_2025.jp2	33077207
aussen	dop10rgbi_32_351_5670_1_nw_2025.jp2	32423560
aussen	dop10rgbi_32_351_5671_1_nw_2025.jp2	35387494
aussen	dop10rgbi_32_351_5672_1_nw_2025.jp2	34357735
aussen	dop10rgbi_32_351_5673_1_nw_2025.jp2	31751918
aussen	dop10rgbi_32_351_5674_1_nw_2025.jp2	39623544
aussen	dop10rgbi_32_351_5675_1_nw_2025.jp2	39725850
aussen	dop10rgbi_32_351_5676_1_nw_2025.jp2	32053881
aussen	dop10rgbi_32_351_5677_1_nw_2025.jp2	38850546
aussen	dop10rgbi_32_351_5678_1_nw_2025.jp2	29324764
aussen	dop10rgbi_32_351_5679_1_nw_2025.jp2	34101105
aussen	dop10rgbi_32_351_5680_1_nw_2025.jp2	36825931
aussen	dop10rgbi_32_351_5681_1_nw_2025.jp2	35823917
aussen	dop10rgbi_32_351_5682_1_nw_2025.jp2	36911606
aussen	dop10rgbi_32_351_5683_1_nw_2025.jp2	34472251
aussen	dop10rgbi_32_351_5684_1_nw_2025.jp2	38853397
aussen	dop10rgbi_32_351_5685_1_nw_2025.jp2	42397550
aussen	dop10rgbi_32_351_5686_1_nw_2025.jp2	40748760
aussen	dop10rgbi_32_351_5687_1_nw_2025.jp2	40544522
aussen	dop10rgbi_32_351_5688_1_nw_2025.jp2	43607007
aussen	dop10rgbi_32_351_5689_1_nw_2025.jp2	43026310
aussen	dop10rgbi_32_351_5690_1_nw_2024.jp2	36552280
aussen	dop10rgbi_32_351_5691_1_nw_2024.jp2	37556196
aussen	dop10rgbi_32_351_5692_1_nw_2024.jp2	34990349
aussen	dop10rgbi_32_351_5693_1_nw_2024.jp2	34191073
aussen	dop10rgbi_32_351_5694_1_nw_2024.jp2	31838338
aussen	dop10rgbi_32_351_5695_1_nw_2024.jp2	40363929
aussen	dop10rgbi_32_351_5696_1_nw_2024.jp2	42235390
aussen	dop10rgbi_32_351_5697_1_nw_2024.jp2	41199397
aussen	dop10rgbi_32_352_5663_1_nw_2025.jp2	24671984
aussen	dop10rgbi_32_352_5664_1_nw_2025.jp2	30689067
aussen	dop10rgbi_32_352_5665_1_nw_2025.jp2	34072997
aussen	dop10rgbi_32_352_5666_1_nw_2025.jp2	35139492
aussen	dop10rgbi_32_352_5667_1_nw_2025.jp2	33140591
aussen	dop10rgbi_32_352_5668_1_nw_2025.jp2	34204778
aussen	dop10rgbi_32_352_5669_1_nw_2025.jp2	32917858
aussen	dop10rgbi_32_352_5670_1_nw_2025.jp2	35172910
aussen	dop10rgbi_32_352_5671_1_nw_2025.jp2	35414271
aussen	dop10rgbi_32_352_5672_1_nw_2025.jp2	31495060
aussen	dop10rgbi_32_352_5673_1_nw_2025.jp2	17859638
aussen	dop10rgbi_32_352_5674_1_nw_2025.jp2	40232969
aussen	dop10rgbi_32_352_5675_1_nw_2025.jp2	39786317
aussen	dop10rgbi_32_352_5676_1_nw_2025.jp2	33833237
aussen	dop10rgbi_32_352_5677_1_nw_2025.jp2	33685445
aussen	dop10rgbi_32_352_5678_1_nw_2025.jp2	34593410
aussen	dop10rgbi_32_352_5679_1_nw_2025.jp2	34070434
aussen	dop10rgbi_32_352_5680_1_nw_2025.jp2	32135512
aussen	dop10rgbi_32_352_5681_1_nw_2025.jp2	36906563
aussen	dop10rgbi_32_352_5682_1_nw_2025.jp2	39265981
aussen	dop10rgbi_32_352_5683_1_nw_2025.jp2	33812905
aussen	dop10rgbi_32_352_5684_1_nw_2025.jp2	36128013
aussen	dop10rgbi_32_352_5685_1_nw_2025.jp2	37417945
aussen	dop10rgbi_32_352_5686_1_nw_2025.jp2	39835495
aussen	dop10rgbi_32_352_5687_1_nw_2025.jp2	41416554
aussen	dop10rgbi_32_352_5688_1_nw_2025.jp2	41626987
aussen	dop10rgbi_32_352_5689_1_nw_2025.jp2	42192618
aussen	dop10rgbi_32_352_5690_1_nw_2024.jp2	37558734
aussen	dop10rgbi_32_352_5691_1_nw_2024.jp2	35768989
aussen	dop10rgbi_32_352_5692_1_nw_2024.jp2	36093004
aussen	dop10rgbi_32_352_5693_1_nw_2024.jp2	30035388
aussen	dop10rgbi_32_352_5694_1_nw_2024.jp2	30566903
aussen	dop10rgbi_32_352_5695_1_nw_2024.jp2	35371484
aussen	dop10rgbi_32_352_5696_1_nw_2024.jp2	40172404
aussen	dop10rgbi_32_352_5697_1_nw_2024.jp2	33002852
aussen	dop10rgbi_32_353_5663_1_nw_2025.jp2	32573501
aussen	dop10rgbi_32_353_5664_1_nw_2025.jp2	25359568
aussen	dop10rgbi_32_353_5665_1_nw_2025.jp2	33789916
aussen	dop10rgbi_32_353_5666_1_nw_2025.jp2	35370546
aussen	dop10rgbi_32_353_5667_1_nw_2025.jp2	36104966
aussen	dop10rgbi_32_353_5668_1_nw_2025.jp2	35255257
aussen	dop10rgbi_32_353_5669_1_nw_2025.jp2	30485440
aussen	dop10rgbi_32_353_5670_1_nw_2025.jp2	30312360
aussen	dop10rgbi_32_353_5671_1_nw_2025.jp2	29115644
aussen	dop10rgbi_32_353_5672_1_nw_2025.jp2	12387542
aussen	dop10rgbi_32_353_5673_1_nw_2025.jp2	23523326
aussen	dop10rgbi_32_353_5674_1_nw_2025.jp2	39394026
aussen	dop10rgbi_32_353_5675_1_nw_2025.jp2	37104536
aussen	dop10rgbi_32_353_5676_1_nw_2025.jp2	37260769
aussen	dop10rgbi_32_353_5677_1_nw_2025.jp2	36208904
aussen	dop10rgbi_32_353_5678_1_nw_2025.jp2	32633385
aussen	dop10rgbi_32_353_5679_1_nw_2025.jp2	31063573
aussen	dop10rgbi_32_353_5680_1_nw_2025.jp2	32121521
aussen	dop10rgbi_32_353_5681_1_nw_2025.jp2	40828602
aussen	dop10rgbi_32_353_5682_1_nw_2025.jp2	36563344
aussen	dop10rgbi_32_353_5683_1_nw_2025.jp2	34849467
aussen	dop10rgbi_32_353_5684_1_nw_2025.jp2	33103669
aussen	dop10rgbi_32_353_5685_1_nw_2025.jp2	34045939
aussen	dop10rgbi_32_353_5686_1_nw_2025.jp2	38629781
aussen	dop10rgbi_32_353_5687_1_nw_2025.jp2	36010695
aussen	dop10rgbi_32_353_5688_1_nw_2025.jp2	43072319
aussen	dop10rgbi_32_353_5689_1_nw_2025.jp2	46165436
aussen	dop10rgbi_32_353_5690_1_nw_2024.jp2	36906968
aussen	dop10rgbi_32_353_5691_1_nw_2024.jp2	34517464
aussen	dop10rgbi_32_353_5692_1_nw_2024.jp2	35763172
aussen	dop10rgbi_32_353_5693_1_nw_2024.jp2	36962791
aussen	dop10rgbi_32_353_5694_1_nw_2024.jp2	32561665
aussen	dop10rgbi_32_353_5695_1_nw_2024.jp2	34414034
aussen	dop10rgbi_32_353_5696_1_nw_2024.jp2	31544810
aussen	dop10rgbi_32_353_5697_1_nw_2024.jp2	36413453
aussen	dop10rgbi_32_354_5663_1_nw_2025.jp2	29144326
aussen	dop10rgbi_32_354_5664_1_nw_2025.jp2	27055266
aussen	dop10rgbi_32_354_5665_1_nw_2025.jp2	29286239
aussen	dop10rgbi_32_354_5666_1_nw_2025.jp2	29193755
aussen	dop10rgbi_32_354_5667_1_nw_2025.jp2	34192470
aussen	dop10rgbi_32_354_5668_1_nw_2025.jp2	31416371
aussen	dop10rgbi_32_354_5669_1_nw_2025.jp2	26992012
aussen	dop10rgbi_32_354_5670_1_nw_2025.jp2	29035121
aussen	dop10rgbi_32_354_5671_1_nw_2025.jp2	26521320
aussen	dop10rgbi_32_354_5672_1_nw_2025.jp2	37310876
aussen	dop10rgbi_32_354_5673_1_nw_2025.jp2	32221209
aussen	dop10rgbi_32_354_5674_1_nw_2025.jp2	35950070
aussen	dop10rgbi_32_354_5675_1_nw_2025.jp2	35767094
aussen	dop10rgbi_32_354_5676_1_nw_2025.jp2	36914687
aussen	dop10rgbi_32_354_5677_1_nw_2025.jp2	31520187
aussen	dop10rgbi_32_354_5678_1_nw_2025.jp2	35502338
aussen	dop10rgbi_32_354_5679_1_nw_2025.jp2	31946140
aussen	dop10rgbi_32_354_5680_1_nw_2025.jp2	33401630
aussen	dop10rgbi_32_354_5681_1_nw_2025.jp2	34311140
aussen	dop10rgbi_32_354_5682_1_nw_2025.jp2	33977672
aussen	dop10rgbi_32_354_5683_1_nw_2025.jp2	37248467
aussen	dop10rgbi_32_354_5684_1_nw_2025.jp2	35479868
aussen	dop10rgbi_32_354_5685_1_nw_2025.jp2	37651353
aussen	dop10rgbi_32_354_5686_1_nw_2025.jp2	35339214
aussen	dop10rgbi_32_354_5687_1_nw_2025.jp2	38397363
aussen	dop10rgbi_32_354_5688_1_nw_2025.jp2	43401075
aussen	dop10rgbi_32_354_5689_1_nw_2025.jp2	42523015
aussen	dop10rgbi_32_354_5690_1_nw_2024.jp2	36891745
aussen	dop10rgbi_32_354_5691_1_nw_2024.jp2	37124946
aussen	dop10rgbi_32_354_5692_1_nw_2024.jp2	34977728
aussen	dop10rgbi_32_354_5693_1_nw_2024.jp2	33789982
aussen	dop10rgbi_32_354_5694_1_nw_2024.jp2	34381893
aussen	dop10rgbi_32_354_5695_1_nw_2024.jp2	37268158
aussen	dop10rgbi_32_354_5696_1_nw_2024.jp2	37996135
aussen	dop10rgbi_32_354_5697_1_nw_2024.jp2	40710167
aussen	dop10rgbi_32_355_5663_1_nw_2025.jp2	28743228
aussen	dop10rgbi_32_355_5664_1_nw_2025.jp2	33975443
aussen	dop10rgbi_32_355_5665_1_nw_2025.jp2	29926187
aussen	dop10rgbi_32_355_5666_1_nw_2025.jp2	30257337
aussen	dop10rgbi_32_355_5667_1_nw_2025.jp2	21913929
aussen	dop10rgbi_32_355_5668_1_nw_2025.jp2	26951955
aussen	dop10rgbi_32_355_5669_1_nw_2025.jp2	29182369
aussen	dop10rgbi_32_355_5670_1_nw_2025.jp2	33121721
aussen	dop10rgbi_32_355_5671_1_nw_2025.jp2	31315128
aussen	dop10rgbi_32_355_5672_1_nw_2025.jp2	34490075
aussen	dop10rgbi_32_355_5673_1_nw_2025.jp2	33554066
aussen	dop10rgbi_32_355_5674_1_nw_2025.jp2	36385184
aussen	dop10rgbi_32_355_5675_1_nw_2025.jp2	35946603
aussen	dop10rgbi_32_355_5676_1_nw_2025.jp2	35213429
aussen	dop10rgbi_32_355_5677_1_nw_2025.jp2	33222678
aussen	dop10rgbi_32_355_5678_1_nw_2025.jp2	34741772
aussen	dop10rgbi_32_355_5679_1_nw_2025.jp2	31118587
aussen	dop10rgbi_32_355_5680_1_nw_2025.jp2	31789056
aussen	dop10rgbi_32_355_5681_1_nw_2025.jp2	35466448
aussen	dop10rgbi_32_355_5682_1_nw_2025.jp2	33611851
aussen	dop10rgbi_32_355_5683_1_nw_2025.jp2	31033795
aussen	dop10rgbi_32_355_5684_1_nw_2025.jp2	40908626
aussen	dop10rgbi_32_355_5685_1_nw_2025.jp2	34953100
aussen	dop10rgbi_32_355_5686_1_nw_2025.jp2	38007473
aussen	dop10rgbi_32_355_5687_1_nw_2025.jp2	33202907
aussen	dop10rgbi_32_355_5688_1_nw_2025.jp2	32040588
aussen	dop10rgbi_32_355_5689_1_nw_2025.jp2	33659345
aussen	dop10rgbi_32_355_5690_1_nw_2024.jp2	36980212
aussen	dop10rgbi_32_355_5691_1_nw_2024.jp2	40632631
aussen	dop10rgbi_32_355_5692_1_nw_2024.jp2	31457853
aussen	dop10rgbi_32_355_5693_1_nw_2024.jp2	37643421
aussen	dop10rgbi_32_355_5694_1_nw_2024.jp2	39803193
aussen	dop10rgbi_32_355_5695_1_nw_2024.jp2	36263419
aussen	dop10rgbi_32_355_5696_1_nw_2024.jp2	35287492
aussen	dop10rgbi_32_355_5697_1_nw_2024.jp2	39103711
aussen	dop10rgbi_32_356_5663_1_nw_2025.jp2	34446341
aussen	dop10rgbi_32_356_5664_1_nw_2025.jp2	31520296
aussen	dop10rgbi_32_356_5665_1_nw_2025.jp2	32665403
aussen	dop10rgbi_32_356_5666_1_nw_2025.jp2	32693134
aussen	dop10rgbi_32_356_5667_1_nw_2025.jp2	26632636
aussen	dop10rgbi_32_356_5668_1_nw_2025.jp2	29226466
aussen	dop10rgbi_32_356_5669_1_nw_2025.jp2	31066034
aussen	dop10rgbi_32_356_5670_1_nw_2025.jp2	31275802
aussen	dop10rgbi_32_356_5671_1_nw_2025.jp2	30452735
aussen	dop10rgbi_32_356_5672_1_nw_2025.jp2	32083415
aussen	dop10rgbi_32_356_5673_1_nw_2025.jp2	33592494
aussen	dop10rgbi_32_356_5674_1_nw_2025.jp2	38879639
aussen	dop10rgbi_32_356_5675_1_nw_2025.jp2	38921184
aussen	dop10rgbi_32_356_5676_1_nw_2025.jp2	37846646
aussen	dop10rgbi_32_356_5677_1_nw_2025.jp2	35829689
aussen	dop10rgbi_32_356_5678_1_nw_2025.jp2	34687555
aussen	dop10rgbi_32_356_5679_1_nw_2025.jp2	34038100
aussen	dop10rgbi_32_356_5680_1_nw_2025.jp2	34638575
aussen	dop10rgbi_32_356_5681_1_nw_2025.jp2	40085175
aussen	dop10rgbi_32_356_5682_1_nw_2025.jp2	31562550
aussen	dop10rgbi_32_356_5683_1_nw_2025.jp2	31964435
aussen	dop10rgbi_32_356_5684_1_nw_2025.jp2	32859426
aussen	dop10rgbi_32_356_5685_1_nw_2025.jp2	37081605
aussen	dop10rgbi_32_356_5686_1_nw_2025.jp2	38995677
aussen	dop10rgbi_32_356_5687_1_nw_2025.jp2	33845236
aussen	dop10rgbi_32_356_5688_1_nw_2025.jp2	39194339
aussen	dop10rgbi_32_356_5689_1_nw_2025.jp2	40720017
aussen	dop10rgbi_32_356_5690_1_nw_2024.jp2	40138428
aussen	dop10rgbi_32_356_5691_1_nw_2024.jp2	38076212
aussen	dop10rgbi_32_356_5692_1_nw_2024.jp2	44780276
aussen	dop10rgbi_32_356_5693_1_nw_2024.jp2	42144818
aussen	dop10rgbi_32_356_5694_1_nw_2024.jp2	37484037
aussen	dop10rgbi_32_356_5695_1_nw_2024.jp2	39830151
aussen	dop10rgbi_32_356_5696_1_nw_2024.jp2	27904719
aussen	dop10rgbi_32_356_5697_1_nw_2024.jp2	40756491
aussen	dop10rgbi_32_357_5663_1_nw_2025.jp2	31401485
aussen	dop10rgbi_32_357_5664_1_nw_2025.jp2	33565929
aussen	dop10rgbi_32_357_5665_1_nw_2025.jp2	25547049
aussen	dop10rgbi_32_357_5666_1_nw_2025.jp2	27080816
aussen	dop10rgbi_32_357_5667_1_nw_2025.jp2	27800080
aussen	dop10rgbi_32_357_5668_1_nw_2025.jp2	30561366
aussen	dop10rgbi_32_357_5669_1_nw_2025.jp2	29588187
aussen	dop10rgbi_32_357_5670_1_nw_2025.jp2	29846929
aussen	dop10rgbi_32_357_5671_1_nw_2025.jp2	29499300
aussen	dop10rgbi_32_357_5672_1_nw_2025.jp2	33403128
aussen	dop10rgbi_32_357_5673_1_nw_2025.jp2	36995890
aussen	dop10rgbi_32_357_5674_1_nw_2025.jp2	38023097
aussen	dop10rgbi_32_357_5675_1_nw_2025.jp2	39882887
aussen	dop10rgbi_32_357_5676_1_nw_2025.jp2	33521799
aussen	dop10rgbi_32_357_5677_1_nw_2025.jp2	35696783
aussen	dop10rgbi_32_357_5678_1_nw_2025.jp2	40766901
aussen	dop10rgbi_32_357_5679_1_nw_2025.jp2	39166503
aussen	dop10rgbi_32_357_5680_1_nw_2025.jp2	41306917
aussen	dop10rgbi_32_357_5681_1_nw_2025.jp2	42935669
aussen	dop10rgbi_32_357_5682_1_nw_2025.jp2	35196241
aussen	dop10rgbi_32_357_5683_1_nw_2025.jp2	32909700
innen	dop10rgbi_32_357_5684_1_nw_2025.jp2	29254757
innen	dop10rgbi_32_357_5685_1_nw_2025.jp2	32676214
innen	dop10rgbi_32_357_5686_1_nw_2025.jp2	37433109
innen	dop10rgbi_32_357_5687_1_nw_2025.jp2	38923648
innen	dop10rgbi_32_357_5688_1_nw_2025.jp2	41565886
innen	dop10rgbi_32_357_5689_1_nw_2025.jp2	39383544
innen	dop10rgbi_32_357_5690_1_nw_2024.jp2	40122210
innen	dop10rgbi_32_357_5691_1_nw_2024.jp2	36559043
aussen	dop10rgbi_32_357_5692_1_nw_2024.jp2	40584498
aussen	dop10rgbi_32_357_5693_1_nw_2024.jp2	42089092
aussen	dop10rgbi_32_357_5694_1_nw_2024.jp2	36930631
aussen	dop10rgbi_32_357_5695_1_nw_2024.jp2	35386240
aussen	dop10rgbi_32_357_5696_1_nw_2024.jp2	33578169
aussen	dop10rgbi_32_357_5697_1_nw_2024.jp2	38741495
aussen	dop10rgbi_32_358_5663_1_nw_2025.jp2	33069320
aussen	dop10rgbi_32_358_5664_1_nw_2025.jp2	31146261
aussen	dop10rgbi_32_358_5665_1_nw_2025.jp2	31794797
aussen	dop10rgbi_32_358_5666_1_nw_2025.jp2	28058284
aussen	dop10rgbi_32_358_5667_1_nw_2025.jp2	30579975
aussen	dop10rgbi_32_358_5668_1_nw_2025.jp2	31866363
aussen	dop10rgbi_32_358_5669_1_nw_2025.jp2	29429018
aussen	dop10rgbi_32_358_5670_1_nw_2025.jp2	29529493
aussen	dop10rgbi_32_358_5671_1_nw_2025.jp2	29182182
aussen	dop10rgbi_32_358_5672_1_nw_2025.jp2	30792478
aussen	dop10rgbi_32_358_5673_1_nw_2025.jp2	35691157
aussen	dop10rgbi_32_358_5674_1_nw_2025.jp2	38368638
aussen	dop10rgbi_32_358_5675_1_nw_2025.jp2	39268635
aussen	dop10rgbi_32_358_5676_1_nw_2025.jp2	34120777
aussen	dop10rgbi_32_358_5677_1_nw_2025.jp2	39149391
aussen	dop10rgbi_32_358_5678_1_nw_2025.jp2	38305872
aussen	dop10rgbi_32_358_5679_1_nw_2025.jp2	40641335
aussen	dop10rgbi_32_358_5680_1_nw_2025.jp2	40656787
aussen	dop10rgbi_32_358_5681_1_nw_2025.jp2	35919367
aussen	dop10rgbi_32_358_5682_1_nw_2025.jp2	32738869
aussen	dop10rgbi_32_358_5683_1_nw_2025.jp2	30393392
innen	dop10rgbi_32_358_5684_1_nw_2025.jp2	37895922
innen	dop10rgbi_32_358_5685_1_nw_2025.jp2	33443074
innen	dop10rgbi_32_358_5686_1_nw_2025.jp2	36112652
innen	dop10rgbi_32_358_5687_1_nw_2025.jp2	41236586
innen	dop10rgbi_32_358_5688_1_nw_2025.jp2	45537862
innen	dop10rgbi_32_358_5689_1_nw_2025.jp2	35435435
innen	dop10rgbi_32_358_5690_1_nw_2024.jp2	30493444
innen	dop10rgbi_32_358_5691_1_nw_2024.jp2	34137170
aussen	dop10rgbi_32_358_5692_1_nw_2024.jp2	32484272
aussen	dop10rgbi_32_358_5693_1_nw_2024.jp2	32328480
aussen	dop10rgbi_32_358_5694_1_nw_2024.jp2	35026308
aussen	dop10rgbi_32_358_5695_1_nw_2024.jp2	34510728
aussen	dop10rgbi_32_358_5696_1_nw_2024.jp2	36573509
aussen	dop10rgbi_32_358_5697_1_nw_2024.jp2	40160182
aussen	dop10rgbi_32_359_5663_1_nw_2025.jp2	33457926
aussen	dop10rgbi_32_359_5664_1_nw_2025.jp2	30797718
aussen	dop10rgbi_32_359_5665_1_nw_2025.jp2	28212538
aussen	dop10rgbi_32_359_5666_1_nw_2025.jp2	30611291
aussen	dop10rgbi_32_359_5667_1_nw_2025.jp2	28467902
aussen	dop10rgbi_32_359_5668_1_nw_2025.jp2	30908092
aussen	dop10rgbi_32_359_5669_1_nw_2025.jp2	32827949
aussen	dop10rgbi_32_359_5670_1_nw_2025.jp2	29286172
aussen	dop10rgbi_32_359_5671_1_nw_2025.jp2	28926673
aussen	dop10rgbi_32_359_5672_1_nw_2025.jp2	35959249
aussen	dop10rgbi_32_359_5673_1_nw_2025.jp2	38212397
aussen	dop10rgbi_32_359_5674_1_nw_2025.jp2	37363415
aussen	dop10rgbi_32_359_5675_1_nw_2025.jp2	38773159
aussen	dop10rgbi_32_359_5676_1_nw_2025.jp2	35666682
aussen	dop10rgbi_32_359_5677_1_nw_2025.jp2	37078454
aussen	dop10rgbi_32_359_5678_1_nw_2025.jp2	36840254
aussen	dop10rgbi_32_359_5679_1_nw_2025.jp2	38730089
aussen	dop10rgbi_32_359_5680_1_nw_2025.jp2	38068779
aussen	dop10rgbi_32_359_5681_1_nw_2025.jp2	40767629
aussen	dop10rgbi_32_359_5682_1_nw_2025.jp2	31521707
aussen	dop10rgbi_32_359_5683_1_nw_2025.jp2	34875788
innen	dop10rgbi_32_359_5684_1_nw_2025.jp2	32141902
innen	dop10rgbi_32_359_5685_1_nw_2025.jp2	37617428
innen	dop10rgbi_32_359_5686_1_nw_2025.jp2	34583737
innen	dop10rgbi_32_359_5687_1_nw_2025.jp2	36929453
innen	dop10rgbi_32_359_5688_1_nw_2025.jp2	43386610
innen	dop10rgbi_32_359_5689_1_nw_2025.jp2	36218350
innen	dop10rgbi_32_359_5690_1_nw_2024.jp2	34138251
innen	dop10rgbi_32_359_5691_1_nw_2024.jp2	35778745
aussen	dop10rgbi_32_359_5692_1_nw_2024.jp2	38341231
aussen	dop10rgbi_32_359_5693_1_nw_2024.jp2	31879395
aussen	dop10rgbi_32_359_5694_1_nw_2024.jp2	35666725
aussen	dop10rgbi_32_359_5695_1_nw_2024.jp2	38676172
aussen	dop10rgbi_32_359_5696_1_nw_2024.jp2	40076952
aussen	dop10rgbi_32_359_5697_1_nw_2024.jp2	44246156
aussen	dop10rgbi_32_360_5663_1_nw_2025.jp2	31164175
aussen	dop10rgbi_32_360_5664_1_nw_2025.jp2	27666694
aussen	dop10rgbi_32_360_5665_1_nw_2025.jp2	25763467
aussen	dop10rgbi_32_360_5666_1_nw_2025.jp2	29326591
aussen	dop10rgbi_32_360_5667_1_nw_2025.jp2	32775196
aussen	dop10rgbi_32_360_5668_1_nw_2025.jp2	32019533
aussen	dop10rgbi_32_360_5669_1_nw_2025.jp2	32283637
aussen	dop10rgbi_32_360_5670_1_nw_2025.jp2	29958314
aussen	dop10rgbi_32_360_5671_1_nw_2025.jp2	29031559
aussen	dop10rgbi_32_360_5672_1_nw_2025.jp2	38285160
aussen	dop10rgbi_32_360_5673_1_nw_2025.jp2	42238296
aussen	dop10rgbi_32_360_5674_1_nw_2025.jp2	35715947
aussen	dop10rgbi_32_360_5675_1_nw_2025.jp2	37155257
aussen	dop10rgbi_32_360_5676_1_nw_2025.jp2	42197092
aussen	dop10rgbi_32_360_5677_1_nw_2025.jp2	38848953
aussen	dop10rgbi_32_360_5678_1_nw_2025.jp2	39254951
aussen	dop10rgbi_32_360_5679_1_nw_2025.jp2	38144594
aussen	dop10rgbi_32_360_5680_1_nw_2025.jp2	39148847
aussen	dop10rgbi_32_360_5681_1_nw_2025.jp2	33139430
aussen	dop10rgbi_32_360_5682_1_nw_2025.jp2	32237086
aussen	dop10rgbi_32_360_5683_1_nw_2025.jp2	41930269
innen	dop10rgbi_32_360_5684_1_nw_2025.jp2	33377874
innen	dop10rgbi_32_360_5685_1_nw_2025.jp2	38876084
innen	dop10rgbi_32_360_5686_1_nw_2025.jp2	30527979
innen	dop10rgbi_32_360_5687_1_nw_2025.jp2	33308990
innen	dop10rgbi_32_360_5688_1_nw_2025.jp2	39024751
innen	dop10rgbi_32_360_5689_1_nw_2025.jp2	34949504
innen	dop10rgbi_32_360_5690_1_nw_2025.jp2	37363920
innen	dop10rgbi_32_360_5691_1_nw_2025.jp2	42169067
aussen	dop10rgbi_32_360_5692_1_nw_2024.jp2	38555135
aussen	dop10rgbi_32_360_5693_1_nw_2024.jp2	38363552
aussen	dop10rgbi_32_360_5694_1_nw_2024.jp2	38131370
aussen	dop10rgbi_32_360_5695_1_nw_2024.jp2	37474882
aussen	dop10rgbi_32_360_5696_1_nw_2024.jp2	39010736
aussen	dop10rgbi_32_360_5697_1_nw_2024.jp2	44411644
aussen	dop10rgbi_32_361_5663_1_nw_2025.jp2	33406208
aussen	dop10rgbi_32_361_5664_1_nw_2025.jp2	28267916
aussen	dop10rgbi_32_361_5665_1_nw_2025.jp2	27862572
aussen	dop10rgbi_32_361_5666_1_nw_2025.jp2	26590222
aussen	dop10rgbi_32_361_5667_1_nw_2025.jp2	29252472
aussen	dop10rgbi_32_361_5668_1_nw_2025.jp2	31480410
aussen	dop10rgbi_32_361_5669_1_nw_2025.jp2	31939049
aussen	dop10rgbi_32_361_5670_1_nw_2025.jp2	30792853
aussen	dop10rgbi_32_361_5671_1_nw_2025.jp2	29558524
aussen	dop10rgbi_32_361_5672_1_nw_2025.jp2	37445763
aussen	dop10rgbi_32_361_5673_1_nw_2025.jp2	41358185
aussen	dop10rgbi_32_361_5674_1_nw_2025.jp2	37243873
aussen	dop10rgbi_32_361_5675_1_nw_2025.jp2	41163652
aussen	dop10rgbi_32_361_5676_1_nw_2025.jp2	41047538
aussen	dop10rgbi_32_361_5677_1_nw_2025.jp2	41346823
aussen	dop10rgbi_32_361_5678_1_nw_2025.jp2	30393433
aussen	dop10rgbi_32_361_5679_1_nw_2025.jp2	36694769
aussen	dop10rgbi_32_361_5680_1_nw_2025.jp2	39950540
aussen	dop10rgbi_32_361_5681_1_nw_2025.jp2	40096373
aussen	dop10rgbi_32_361_5682_1_nw_2025.jp2	39630643
aussen	dop10rgbi_32_361_5683_1_nw_2025.jp2	23035052
innen	dop10rgbi_32_361_5684_1_nw_2025.jp2	33468806
innen	dop10rgbi_32_361_5685_1_nw_2025.jp2	39984737
innen	dop10rgbi_32_361_5686_1_nw_2025.jp2	37684491
innen	dop10rgbi_32_361_5687_1_nw_2025.jp2	38730703
innen	dop10rgbi_32_361_5688_1_nw_2025.jp2	36792731
innen	dop10rgbi_32_361_5689_1_nw_2025.jp2	43956178
innen	dop10rgbi_32_361_5690_1_nw_2025.jp2	43821585
innen	dop10rgbi_32_361_5691_1_nw_2025.jp2	38434904
aussen	dop10rgbi_32_361_5692_1_nw_2024.jp2	36188158
aussen	dop10rgbi_32_361_5693_1_nw_2024.jp2	42014889
aussen	dop10rgbi_32_361_5694_1_nw_2024.jp2	43248479
aussen	dop10rgbi_32_361_5695_1_nw_2024.jp2	42598794
aussen	dop10rgbi_32_361_5696_1_nw_2024.jp2	27027331
aussen	dop10rgbi_32_361_5697_1_nw_2024.jp2	39721877
aussen	dop10rgbi_32_362_5663_1_nw_2025.jp2	35313645
aussen	dop10rgbi_32_362_5664_1_nw_2025.jp2	28288882
aussen	dop10rgbi_32_362_5665_1_nw_2025.jp2	28274904
solingen	dop10rgbi_32_362_5666_1_nw_2025.jp2	26965115
solingen	dop10rgbi_32_362_5667_1_nw_2025.jp2	26549491
solingen	dop10rgbi_32_362_5668_1_nw_2025.jp2	28021021
solingen	dop10rgbi_32_362_5669_1_nw_2025.jp2	29339212
solingen	dop10rgbi_32_362_5670_1_nw_2025.jp2	31266057
solingen	dop10rgbi_32_362_5671_1_nw_2025.jp2	31521362
solingen	dop10rgbi_32_362_5672_1_nw_2025.jp2	38857429
solingen	dop10rgbi_32_362_5673_1_nw_2025.jp2	46125914
aussen	dop10rgbi_32_362_5674_1_nw_2025.jp2	37590878
aussen	dop10rgbi_32_362_5675_1_nw_2025.jp2	39149062
aussen	dop10rgbi_32_362_5676_1_nw_2025.jp2	36453128
aussen	dop10rgbi_32_362_5677_1_nw_2025.jp2	36978556
aussen	dop10rgbi_32_362_5678_1_nw_2025.jp2	34789177
aussen	dop10rgbi_32_362_5679_1_nw_2025.jp2	38207907
aussen	dop10rgbi_32_362_5680_1_nw_2025.jp2	40392427
aussen	dop10rgbi_32_362_5681_1_nw_2025.jp2	38957320
aussen	dop10rgbi_32_362_5682_1_nw_2025.jp2	43619861
aussen	dop10rgbi_32_362_5683_1_nw_2025.jp2	40726752
innen	dop10rgbi_32_362_5684_1_nw_2025.jp2	36607520
innen	dop10rgbi_32_362_5685_1_nw_2025.jp2	37222332
innen	dop10rgbi_32_362_5686_1_nw_2025.jp2	42119499
innen	dop10rgbi_32_362_5687_1_nw_2025.jp2	42419971
innen	dop10rgbi_32_362_5688_1_nw_2025.jp2	43003021
innen	dop10rgbi_32_362_5689_1_nw_2025.jp2	45358367
innen	dop10rgbi_32_362_5690_1_nw_2025.jp2	47316262
innen	dop10rgbi_32_362_5691_1_nw_2025.jp2	43005400
aussen	dop10rgbi_32_362_5692_1_nw_2024.jp2	31164830
aussen	dop10rgbi_32_362_5693_1_nw_2024.jp2	42058745
aussen	dop10rgbi_32_362_5694_1_nw_2024.jp2	44117712
aussen	dop10rgbi_32_362_5695_1_nw_2024.jp2	41702092
aussen	dop10rgbi_32_362_5696_1_nw_2024.jp2	20951271
aussen	dop10rgbi_32_362_5697_1_nw_2024.jp2	41725880
aussen	dop10rgbi_32_363_5663_1_nw_2025.jp2	32970650
aussen	dop10rgbi_32_363_5664_1_nw_2025.jp2	26213545
aussen	dop10rgbi_32_363_5665_1_nw_2025.jp2	29174659
solingen	dop10rgbi_32_363_5666_1_nw_2025.jp2	28465619
solingen	dop10rgbi_32_363_5667_1_nw_2025.jp2	27372726
solingen	dop10rgbi_32_363_5668_1_nw_2025.jp2	27381347
solingen	dop10rgbi_32_363_5669_1_nw_2025.jp2	29912569
solingen	dop10rgbi_32_363_5670_1_nw_2025.jp2	30417303
solingen	dop10rgbi_32_363_5671_1_nw_2025.jp2	31344210
solingen	dop10rgbi_32_363_5672_1_nw_2025.jp2	39110147
solingen	dop10rgbi_32_363_5673_1_nw_2025.jp2	36772449
aussen	dop10rgbi_32_363_5674_1_nw_2025.jp2	40507029
aussen	dop10rgbi_32_363_5675_1_nw_2025.jp2	42655131
aussen	dop10rgbi_32_363_5676_1_nw_2025.jp2	37868265
aussen	dop10rgbi_32_363_5677_1_nw_2025.jp2	39164448
aussen	dop10rgbi_32_363_5678_1_nw_2025.jp2	37268063
aussen	dop10rgbi_32_363_5679_1_nw_2025.jp2	38041037
aussen	dop10rgbi_32_363_5680_1_nw_2025.jp2	34354397
aussen	dop10rgbi_32_363_5681_1_nw_2025.jp2	42193310
aussen	dop10rgbi_32_363_5682_1_nw_2025.jp2	43267370
aussen	dop10rgbi_32_363_5683_1_nw_2025.jp2	38380028
innen	dop10rgbi_32_363_5684_1_nw_2025.jp2	33880140
innen	dop10rgbi_32_363_5685_1_nw_2025.jp2	35171069
innen	dop10rgbi_32_363_5686_1_nw_2025.jp2	44994268
innen	dop10rgbi_32_363_5687_1_nw_2025.jp2	40339515
innen	dop10rgbi_32_363_5688_1_nw_2025.jp2	38708867
innen	dop10rgbi_32_363_5689_1_nw_2025.jp2	45056443
innen	dop10rgbi_32_363_5690_1_nw_2025.jp2	45148322
innen	dop10rgbi_32_363_5691_1_nw_2025.jp2	50641307
aussen	dop10rgbi_32_363_5692_1_nw_2024.jp2	34746662
aussen	dop10rgbi_32_363_5693_1_nw_2024.jp2	34187611
aussen	dop10rgbi_32_363_5694_1_nw_2024.jp2	39305167
aussen	dop10rgbi_32_363_5695_1_nw_2024.jp2	37375620
aussen	dop10rgbi_32_363_5696_1_nw_2024.jp2	20587370
aussen	dop10rgbi_32_363_5697_1_nw_2024.jp2	41939632
aussen	dop10rgbi_32_364_5663_1_nw_2025.jp2	30222891
aussen	dop10rgbi_32_364_5664_1_nw_2025.jp2	29359309
aussen	dop10rgbi_32_364_5665_1_nw_2025.jp2	30904437
solingen	dop10rgbi_32_364_5666_1_nw_2025.jp2	30257679
solingen	dop10rgbi_32_364_5667_1_nw_2025.jp2	27855181
solingen	dop10rgbi_32_364_5668_1_nw_2025.jp2	31369145
solingen	dop10rgbi_32_364_5669_1_nw_2025.jp2	31643263
solingen	dop10rgbi_32_364_5670_1_nw_2025.jp2	31413132
solingen	dop10rgbi_32_364_5671_1_nw_2025.jp2	30521756
solingen	dop10rgbi_32_364_5672_1_nw_2025.jp2	39076272
solingen	dop10rgbi_32_364_5673_1_nw_2025.jp2	39846658
aussen	dop10rgbi_32_364_5674_1_nw_2025.jp2	39795984
aussen	dop10rgbi_32_364_5675_1_nw_2025.jp2	40898479
aussen	dop10rgbi_32_364_5676_1_nw_2025.jp2	42331010
aussen	dop10rgbi_32_364_5677_1_nw_2025.jp2	42384135
aussen	dop10rgbi_32_364_5678_1_nw_2025.jp2	37105022
aussen	dop10rgbi_32_364_5679_1_nw_2025.jp2	33657668
aussen	dop10rgbi_32_364_5680_1_nw_2025.jp2	37898038
aussen	dop10rgbi_32_364_5681_1_nw_2025.jp2	38764420
aussen	dop10rgbi_32_364_5682_1_nw_2025.jp2	41163498
aussen	dop10rgbi_32_364_5683_1_nw_2025.jp2	44165575
innen	dop10rgbi_32_364_5684_1_nw_2025.jp2	35158797
innen	dop10rgbi_32_364_5685_1_nw_2025.jp2	40186424
innen	dop10rgbi_32_364_5686_1_nw_2025.jp2	43481851
innen	dop10rgbi_32_364_5687_1_nw_2025.jp2	38079724
innen	dop10rgbi_32_364_5688_1_nw_2025.jp2	40070850
innen	dop10rgbi_32_364_5689_1_nw_2025.jp2	41357757
innen	dop10rgbi_32_364_5690_1_nw_2025.jp2	42603366
innen	dop10rgbi_32_364_5691_1_nw_2025.jp2	45661233
aussen	dop10rgbi_32_364_5692_1_nw_2024.jp2	36728120
aussen	dop10rgbi_32_364_5693_1_nw_2024.jp2	37170107
aussen	dop10rgbi_32_364_5694_1_nw_2024.jp2	34695789
aussen	dop10rgbi_32_364_5695_1_nw_2024.jp2	27712042
aussen	dop10rgbi_32_364_5696_1_nw_2024.jp2	33532312
aussen	dop10rgbi_32_364_5697_1_nw_2024.jp2	42859844
aussen	dop10rgbi_32_365_5663_1_nw_2025.jp2	28603752
aussen	dop10rgbi_32_365_5664_1_nw_2025.jp2	29027503
aussen	dop10rgbi_32_365_5665_1_nw_2025.jp2	32545300
solingen	dop10rgbi_32_365_5666_1_nw_2025.jp2	30308555
solingen	dop10rgbi_32_365_5667_1_nw_2025.jp2	31101911
solingen	dop10rgbi_32_365_5668_1_nw_2025.jp2	31457901
solingen	dop10rgbi_32_365_5669_1_nw_2025.jp2	33111972
solingen	dop10rgbi_32_365_5670_1_nw_2025.jp2	31738846
solingen	dop10rgbi_32_365_5671_1_nw_2025.jp2	32551182
solingen	dop10rgbi_32_365_5672_1_nw_2025.jp2	40779285
solingen	dop10rgbi_32_365_5673_1_nw_2025.jp2	39871593
aussen	dop10rgbi_32_365_5674_1_nw_2025.jp2	43484991
aussen	dop10rgbi_32_365_5675_1_nw_2025.jp2	40853927
aussen	dop10rgbi_32_365_5676_1_nw_2025.jp2	43259001
aussen	dop10rgbi_32_365_5677_1_nw_2025.jp2	43352543
aussen	dop10rgbi_32_365_5678_1_nw_2025.jp2	38761814
aussen	dop10rgbi_32_365_5679_1_nw_2025.jp2	39316982
aussen	dop10rgbi_32_365_5680_1_nw_2025.jp2	40368585
aussen	dop10rgbi_32_365_5681_1_nw_2025.jp2	38379016
aussen	dop10rgbi_32_365_5682_1_nw_2025.jp2	36875213
aussen	dop10rgbi_32_365_5683_1_nw_2025.jp2	40273384
aussen	dop10rgbi_32_365_5684_1_nw_2025.jp2	37781563
aussen	dop10rgbi_32_365_5685_1_nw_2025.jp2	38923562
aussen	dop10rgbi_32_365_5686_1_nw_2025.jp2	42843689
aussen	dop10rgbi_32_365_5687_1_nw_2025.jp2	34402058
aussen	dop10rgbi_32_365_5688_1_nw_2025.jp2	38510575
aussen	dop10rgbi_32_365_5689_1_nw_2025.jp2	43835590
aussen	dop10rgbi_32_365_5690_1_nw_2025.jp2	36568385
aussen	dop10rgbi_32_365_5691_1_nw_2025.jp2	40052434
aussen	dop10rgbi_32_365_5692_1_nw_2024.jp2	34107772
aussen	dop10rgbi_32_365_5693_1_nw_2024.jp2	37025570
aussen	dop10rgbi_32_365_5694_1_nw_2024.jp2	31097429
aussen	dop10rgbi_32_365_5695_1_nw_2024.jp2	42409628
aussen	dop10rgbi_32_365_5696_1_nw_2024.jp2	45334142
aussen	dop10rgbi_32_365_5697_1_nw_2024.jp2	43679348
aussen	dop10rgbi_32_366_5663_1_nw_2025.jp2	27199065
aussen	dop10rgbi_32_366_5664_1_nw_2025.jp2	25871988
aussen	dop10rgbi_32_366_5665_1_nw_2025.jp2	28144847
solingen	dop10rgbi_32_366_5666_1_nw_2025.jp2	30233882
solingen	dop10rgbi_32_366_5667_1_nw_2025.jp2	29005420
solingen	dop10rgbi_32_366_5668_1_nw_2025.jp2	32468961
solingen	dop10rgbi_32_366_5669_1_nw_2025.jp2	33371661
solingen	dop10rgbi_32_366_5670_1_nw_2025.jp2	31449859
solingen	dop10rgbi_32_366_5671_1_nw_2025.jp2	32127937
solingen	dop10rgbi_32_366_5672_1_nw_2025.jp2	37638165
solingen	dop10rgbi_32_366_5673_1_nw_2025.jp2	39713018
aussen	dop10rgbi_32_366_5674_1_nw_2025.jp2	37678964
aussen	dop10rgbi_32_366_5675_1_nw_2025.jp2	40402337
aussen	dop10rgbi_32_366_5676_1_nw_2025.jp2	40532835
aussen	dop10rgbi_32_366_5677_1_nw_2025.jp2	42167868
aussen	dop10rgbi_32_366_5678_1_nw_2025.jp2	36893419
aussen	dop10rgbi_32_366_5679_1_nw_2025.jp2	39097259
aussen	dop10rgbi_32_366_5680_1_nw_2025.jp2	39923175
aussen	dop10rgbi_32_366_5681_1_nw_2025.jp2	33052887
aussen	dop10rgbi_32_366_5682_1_nw_2025.jp2	35942687
aussen	dop10rgbi_32_366_5683_1_nw_2025.jp2	44590540
aussen	dop10rgbi_32_366_5684_1_nw_2025.jp2	40810834
aussen	dop10rgbi_32_366_5685_1_nw_2025.jp2	43014472
aussen	dop10rgbi_32_366_5686_1_nw_2025.jp2	45642618
aussen	dop10rgbi_32_366_5687_1_nw_2025.jp2	38256133
aussen	dop10rgbi_32_366_5688_1_nw_2025.jp2	30565498
aussen	dop10rgbi_32_366_5689_1_nw_2025.jp2	37189377
aussen	dop10rgbi_32_366_5690_1_nw_2025.jp2	34213267
aussen	dop10rgbi_32_366_5691_1_nw_2025.jp2	33213153
aussen	dop10rgbi_32_366_5692_1_nw_2024.jp2	36250257
aussen	dop10rgbi_32_366_5693_1_nw_2024.jp2	39145181
aussen	dop10rgbi_32_366_5694_1_nw_2024.jp2	42962581
aussen	dop10rgbi_32_366_5695_1_nw_2024.jp2	36992671
aussen	dop10rgbi_32_366_5696_1_nw_2024.jp2	35997658
aussen	dop10rgbi_32_366_5697_1_nw_2024.jp2	36907901
aussen	dop10rgbi_32_367_5663_1_nw_2025.jp2	30458401
aussen	dop10rgbi_32_367_5664_1_nw_2025.jp2	27457312
aussen	dop10rgbi_32_367_5665_1_nw_2025.jp2	30399531
solingen	dop10rgbi_32_367_5666_1_nw_2025.jp2	28906028
solingen	dop10rgbi_32_367_5667_1_nw_2025.jp2	30150922
solingen	dop10rgbi_32_367_5668_1_nw_2025.jp2	29725042
solingen	dop10rgbi_32_367_5669_1_nw_2025.jp2	31389208
solingen	dop10rgbi_32_367_5670_1_nw_2025.jp2	29173611
solingen	dop10rgbi_32_367_5671_1_nw_2025.jp2	30955152
solingen	dop10rgbi_32_367_5672_1_nw_2025.jp2	35470618
solingen	dop10rgbi_32_367_5673_1_nw_2025.jp2	37888167
aussen	dop10rgbi_32_367_5674_1_nw_2025.jp2	39207168
aussen	dop10rgbi_32_367_5675_1_nw_2025.jp2	40535249
aussen	dop10rgbi_32_367_5676_1_nw_2025.jp2	34592601
aussen	dop10rgbi_32_367_5677_1_nw_2025.jp2	41911365
aussen	dop10rgbi_32_367_5678_1_nw_2025.jp2	41599513
aussen	dop10rgbi_32_367_5679_1_nw_2025.jp2	38356417
aussen	dop10rgbi_32_367_5680_1_nw_2025.jp2	41324674
aussen	dop10rgbi_32_367_5681_1_nw_2025.jp2	37204620
aussen	dop10rgbi_32_367_5682_1_nw_2025.jp2	41598896
aussen	dop10rgbi_32_367_5683_1_nw_2025.jp2	37858083
aussen	dop10rgbi_32_367_5684_1_nw_2025.jp2	34781745
aussen	dop10rgbi_32_367_5685_1_nw_2025.jp2	38878374
aussen	dop10rgbi_32_367_5686_1_nw_2025.jp2	35734440
aussen	dop10rgbi_32_367_5687_1_nw_2025.jp2	29812290
aussen	dop10rgbi_32_367_5688_1_nw_2025.jp2	32891277
aussen	dop10rgbi_32_367_5689_1_nw_2025.jp2	38514708
aussen	dop10rgbi_32_367_5690_1_nw_2025.jp2	41541881
aussen	dop10rgbi_32_367_5691_1_nw_2025.jp2	32130236
aussen	dop10rgbi_32_367_5692_1_nw_2024.jp2	35316766
aussen	dop10rgbi_32_367_5693_1_nw_2024.jp2	37263643
aussen	dop10rgbi_32_367_5694_1_nw_2024.jp2	38001483
aussen	dop10rgbi_32_367_5695_1_nw_2024.jp2	43404986
aussen	dop10rgbi_32_367_5696_1_nw_2024.jp2	38558772
aussen	dop10rgbi_32_367_5697_1_nw_2024.jp2	37307275
aussen	dop10rgbi_32_368_5663_1_nw_2025.jp2	24953878
aussen	dop10rgbi_32_368_5664_1_nw_2025.jp2	30519847
aussen	dop10rgbi_32_368_5665_1_nw_2025.jp2	34043740
solingen	dop10rgbi_32_368_5666_1_nw_2025.jp2	30810363
solingen	dop10rgbi_32_368_5667_1_nw_2025.jp2	31836497
solingen	dop10rgbi_32_368_5668_1_nw_2025.jp2	29352130
solingen	dop10rgbi_32_368_5669_1_nw_2025.jp2	30880930
solingen	dop10rgbi_32_368_5670_1_nw_2025.jp2	31156852
solingen	dop10rgbi_32_368_5671_1_nw_2025.jp2	28999149
solingen	dop10rgbi_32_368_5672_1_nw_2025.jp2	38919073
solingen	dop10rgbi_32_368_5673_1_nw_2025.jp2	42650064
aussen	dop10rgbi_32_368_5674_1_nw_2025.jp2	45503791
aussen	dop10rgbi_32_368_5675_1_nw_2025.jp2	46071815
aussen	dop10rgbi_32_368_5676_1_nw_2025.jp2	46159196
aussen	dop10rgbi_32_368_5677_1_nw_2025.jp2	47750620
aussen	dop10rgbi_32_368_5678_1_nw_2025.jp2	44243276
aussen	dop10rgbi_32_368_5679_1_nw_2025.jp2	43590402
aussen	dop10rgbi_32_368_5680_1_nw_2025.jp2	43796381
aussen	dop10rgbi_32_368_5681_1_nw_2025.jp2	46702713
aussen	dop10rgbi_32_368_5682_1_nw_2025.jp2	45954356
aussen	dop10rgbi_32_368_5683_1_nw_2025.jp2	40139604
aussen	dop10rgbi_32_368_5684_1_nw_2025.jp2	32495793
aussen	dop10rgbi_32_368_5685_1_nw_2025.jp2	32990338
aussen	dop10rgbi_32_368_5686_1_nw_2025.jp2	33529617
aussen	dop10rgbi_32_368_5687_1_nw_2025.jp2	29009809
aussen	dop10rgbi_32_368_5688_1_nw_2025.jp2	34611154
aussen	dop10rgbi_32_368_5689_1_nw_2025.jp2	41226087
aussen	dop10rgbi_32_368_5690_1_nw_2025.jp2	43108522
aussen	dop10rgbi_32_368_5691_1_nw_2025.jp2	42345936
aussen	dop10rgbi_32_368_5692_1_nw_2024.jp2	31949652
aussen	dop10rgbi_32_368_5693_1_nw_2024.jp2	34813776
aussen	dop10rgbi_32_368_5694_1_nw_2024.jp2	36355704
aussen	dop10rgbi_32_368_5695_1_nw_2024.jp2	38628111
aussen	dop10rgbi_32_368_5696_1_nw_2024.jp2	36824761
aussen	dop10rgbi_32_368_5697_1_nw_2024.jp2	40561899
aussen	dop10rgbi_32_369_5663_1_nw_2025.jp2	29041716
aussen	dop10rgbi_32_369_5664_1_nw_2025.jp2	28781599
aussen	dop10rgbi_32_369_5665_1_nw_2025.jp2	30668415
solingen	dop10rgbi_32_369_5666_1_nw_2025.jp2	32289643
solingen	dop10rgbi_32_369_5667_1_nw_2025.jp2	32653314
solingen	dop10rgbi_32_369_5668_1_nw_2025.jp2	29934246
solingen	dop10rgbi_32_369_5669_1_nw_2025.jp2	29327330
solingen	dop10rgbi_32_369_5670_1_nw_2025.jp2	28398440
solingen	dop10rgbi_32_369_5671_1_nw_2025.jp2	29189611
solingen	dop10rgbi_32_369_5672_1_nw_2025.jp2	41962538
solingen	dop10rgbi_32_369_5673_1_nw_2025.jp2	42642801
aussen	dop10rgbi_32_369_5674_1_nw_2025.jp2	45445133
aussen	dop10rgbi_32_369_5675_1_nw_2025.jp2	44487907
aussen	dop10rgbi_32_369_5676_1_nw_2025.jp2	44646220
aussen	dop10rgbi_32_369_5677_1_nw_2025.jp2	46850387
aussen	dop10rgbi_32_369_5678_1_nw_2025.jp2	40850672
aussen	dop10rgbi_32_369_5679_1_nw_2025.jp2	42668446
aussen	dop10rgbi_32_369_5680_1_nw_2025.jp2	44518900
aussen	dop10rgbi_32_369_5681_1_nw_2025.jp2	46727025
aussen	dop10rgbi_32_369_5682_1_nw_2025.jp2	48770335
aussen	dop10rgbi_32_369_5683_1_nw_2025.jp2	39062540
aussen	dop10rgbi_32_369_5684_1_nw_2025.jp2	33682350
aussen	dop10rgbi_32_369_5685_1_nw_2025.jp2	30107313
aussen	dop10rgbi_32_369_5686_1_nw_2025.jp2	33325155
aussen	dop10rgbi_32_369_5687_1_nw_2025.jp2	33416071
aussen	dop10rgbi_32_369_5688_1_nw_2025.jp2	37706493
aussen	dop10rgbi_32_369_5689_1_nw_2025.jp2	44143798
aussen	dop10rgbi_32_369_5690_1_nw_2025.jp2	48421223
aussen	dop10rgbi_32_369_5691_1_nw_2025.jp2	47611906
aussen	dop10rgbi_32_369_5692_1_nw_2024.jp2	37275156
aussen	dop10rgbi_32_369_5693_1_nw_2024.jp2	34504450
aussen	dop10rgbi_32_369_5694_1_nw_2024.jp2	37806865
aussen	dop10rgbi_32_369_5695_1_nw_2024.jp2	40902078
aussen	dop10rgbi_32_369_5696_1_nw_2024.jp2	38373374
aussen	dop10rgbi_32_369_5697_1_nw_2024.jp2	40612560
aussen	dop10rgbi_32_370_5663_1_nw_2025.jp2	26306976
aussen	dop10rgbi_32_370_5664_1_nw_2025.jp2	30328554
aussen	dop10rgbi_32_370_5665_1_nw_2025.jp2	29068066
aussen	dop10rgbi_32_370_5666_1_nw_2025.jp2	30988903
aussen	dop10rgbi_32_370_5667_1_nw_2025.jp2	30703370
aussen	dop10rgbi_32_370_5668_1_nw_2025.jp2	31413256
aussen	dop10rgbi_32_370_5669_1_nw_2025.jp2	32560044
aussen	dop10rgbi_32_370_5670_1_nw_2025.jp2	30836098
aussen	dop10rgbi_32_370_5671_1_nw_2025.jp2	28174153
aussen	dop10rgbi_32_370_5672_1_nw_2025.jp2	37066408
aussen	dop10rgbi_32_370_5673_1_nw_2025.jp2	42434385
aussen	dop10rgbi_32_370_5674_1_nw_2025.jp2	42281846
aussen	dop10rgbi_32_370_5675_1_nw_2025.jp2	45791380
aussen	dop10rgbi_32_370_5676_1_nw_2025.jp2	44118575
aussen	dop10rgbi_32_370_5677_1_nw_2025.jp2	45724925
aussen	dop10rgbi_32_370_5678_1_nw_2025.jp2	42952456
aussen	dop10rgbi_32_370_5679_1_nw_2025.jp2	40603705
aussen	dop10rgbi_32_370_5680_1_nw_2025.jp2	41359337
aussen	dop10rgbi_32_370_5681_1_nw_2025.jp2	45153315
aussen	dop10rgbi_32_370_5682_1_nw_2025.jp2	45850233
aussen	dop10rgbi_32_370_5683_1_nw_2025.jp2	37187964
aussen	dop10rgbi_32_370_5684_1_nw_2025.jp2	33988309
aussen	dop10rgbi_32_370_5685_1_nw_2025.jp2	35337539
aussen	dop10rgbi_32_370_5686_1_nw_2025.jp2	39554309
aussen	dop10rgbi_32_370_5687_1_nw_2025.jp2	35912005
aussen	dop10rgbi_32_370_5688_1_nw_2025.jp2	36963333
aussen	dop10rgbi_32_370_5689_1_nw_2025.jp2	40537167
aussen	dop10rgbi_32_370_5690_1_nw_2025.jp2	43975195
aussen	dop10rgbi_32_370_5691_1_nw_2025.jp2	43887981
aussen	dop10rgbi_32_370_5692_1_nw_2025.jp2	25729167
aussen	dop10rgbi_32_370_5693_1_nw_2025.jp2	24832582
aussen	dop10rgbi_32_370_5694_1_nw_2025.jp2	29210793
aussen	dop10rgbi_32_370_5695_1_nw_2025.jp2	27139936
aussen	dop10rgbi_32_370_5696_1_nw_2025.jp2	25684437
aussen	dop10rgbi_32_370_5697_1_nw_2025.jp2	23440395
aussen	dop10rgbi_32_371_5663_1_nw_2025.jp2	28745422
aussen	dop10rgbi_32_371_5664_1_nw_2025.jp2	30745794
aussen	dop10rgbi_32_371_5665_1_nw_2025.jp2	28554074
aussen	dop10rgbi_32_371_5666_1_nw_2025.jp2	28155106
aussen	dop10rgbi_32_371_5667_1_nw_2025.jp2	30895914
aussen	dop10rgbi_32_371_5668_1_nw_2025.jp2	31707490
aussen	dop10rgbi_32_371_5669_1_nw_2025.jp2	31187056
aussen	dop10rgbi_32_371_5670_1_nw_2025.jp2	31205668
aussen	dop10rgbi_32_371_5671_1_nw_2025.jp2	29878394
aussen	dop10rgbi_32_371_5672_1_nw_2025.jp2	41401238
aussen	dop10rgbi_32_371_5673_1_nw_2025.jp2	40519923
aussen	dop10rgbi_32_371_5674_1_nw_2025.jp2	43865119
aussen	dop10rgbi_32_371_5675_1_nw_2025.jp2	41536450
aussen	dop10rgbi_32_371_5676_1_nw_2025.jp2	39684028
aussen	dop10rgbi_32_371_5677_1_nw_2025.jp2	42372859
aussen	dop10rgbi_32_371_5678_1_nw_2025.jp2	44100144
aussen	dop10rgbi_32_371_5679_1_nw_2025.jp2	42092741
aussen	dop10rgbi_32_371_5680_1_nw_2025.jp2	43609424
aussen	dop10rgbi_32_371_5681_1_nw_2025.jp2	44998986
aussen	dop10rgbi_32_371_5682_1_nw_2025.jp2	45551903
aussen	dop10rgbi_32_371_5683_1_nw_2025.jp2	41638609
aussen	dop10rgbi_32_371_5684_1_nw_2025.jp2	43264756
aussen	dop10rgbi_32_371_5685_1_nw_2025.jp2	33828894
aussen	dop10rgbi_32_371_5686_1_nw_2025.jp2	37000162
aussen	dop10rgbi_32_371_5687_1_nw_2025.jp2	33985745
aussen	dop10rgbi_32_371_5688_1_nw_2025.jp2	42095707
aussen	dop10rgbi_32_371_5689_1_nw_2025.jp2	42856718
aussen	dop10rgbi_32_371_5690_1_nw_2025.jp2	44051321
aussen	dop10rgbi_32_371_5691_1_nw_2025.jp2	49608025
aussen	dop10rgbi_32_371_5692_1_nw_2025.jp2	23140610
aussen	dop10rgbi_32_371_5693_1_nw_2025.jp2	25069963
aussen	dop10rgbi_32_371_5694_1_nw_2025.jp2	26444143
aussen	dop10rgbi_32_371_5695_1_nw_2025.jp2	20749598
aussen	dop10rgbi_32_371_5696_1_nw_2025.jp2	22215534
aussen	dop10rgbi_32_371_5697_1_nw_2025.jp2	25915333
aussen	dop10rgbi_32_372_5663_1_nw_2025.jp2	29402168
aussen	dop10rgbi_32_372_5664_1_nw_2025.jp2	30793895
aussen	dop10rgbi_32_372_5665_1_nw_2025.jp2	32641407
aussen	dop10rgbi_32_372_5666_1_nw_2025.jp2	28896797
aussen	dop10rgbi_32_372_5667_1_nw_2025.jp2	31665645
aussen	dop10rgbi_32_372_5668_1_nw_2025.jp2	32439534
aussen	dop10rgbi_32_372_5669_1_nw_2025.jp2	32198063
aussen	dop10rgbi_32_372_5670_1_nw_2025.jp2	31930931
aussen	dop10rgbi_32_372_5671_1_nw_2025.jp2	33139238
aussen	dop10rgbi_32_372_5672_1_nw_2025.jp2	40373246
aussen	dop10rgbi_32_372_5673_1_nw_2025.jp2	40566871
aussen	dop10rgbi_32_372_5674_1_nw_2025.jp2	42312809
aussen	dop10rgbi_32_372_5675_1_nw_2025.jp2	44997943
aussen	dop10rgbi_32_372_5676_1_nw_2025.jp2	44270598
aussen	dop10rgbi_32_372_5677_1_nw_2025.jp2	39844121
aussen	dop10rgbi_32_372_5678_1_nw_2025.jp2	44475523
aussen	dop10rgbi_32_372_5679_1_nw_2025.jp2	45238530
aussen	dop10rgbi_32_372_5680_1_nw_2025.jp2	44447447
aussen	dop10rgbi_32_372_5681_1_nw_2025.jp2	43398245
aussen	dop10rgbi_32_372_5682_1_nw_2025.jp2	46112167
aussen	dop10rgbi_32_372_5683_1_nw_2025.jp2	44202670
aussen	dop10rgbi_32_372_5684_1_nw_2025.jp2	38162825
aussen	dop10rgbi_32_372_5685_1_nw_2025.jp2	37006741
aussen	dop10rgbi_32_372_5686_1_nw_2025.jp2	23463213
aussen	dop10rgbi_32_372_5687_1_nw_2025.jp2	22456556
aussen	dop10rgbi_32_372_5688_1_nw_2025.jp2	19450443
aussen	dop10rgbi_32_372_5689_1_nw_2025.jp2	24940137
aussen	dop10rgbi_32_372_5690_1_nw_2025.jp2	23827401
aussen	dop10rgbi_32_372_5691_1_nw_2025.jp2	23476195
aussen	dop10rgbi_32_372_5692_1_nw_2025.jp2	22970004
aussen	dop10rgbi_32_372_5693_1_nw_2025.jp2	23717605
aussen	dop10rgbi_32_372_5694_1_nw_2025.jp2	25555771
aussen	dop10rgbi_32_372_5695_1_nw_2025.jp2	22745879
aussen	dop10rgbi_32_372_5696_1_nw_2025.jp2	23524664
aussen	dop10rgbi_32_372_5697_1_nw_2025.jp2	28693956
aussen	dop10rgbi_32_373_5663_1_nw_2025.jp2	32066007
aussen	dop10rgbi_32_373_5664_1_nw_2025.jp2	33450823
aussen	dop10rgbi_32_373_5665_1_nw_2025.jp2	29313736
aussen	dop10rgbi_32_373_5666_1_nw_2025.jp2	29757754
aussen	dop10rgbi_32_373_5667_1_nw_2025.jp2	32393512
aussen	dop10rgbi_32_373_5668_1_nw_2025.jp2	30976218
aussen	dop10rgbi_32_373_5669_1_nw_2025.jp2	33868046
aussen	dop10rgbi_32_373_5670_1_nw_2025.jp2	31926383
aussen	dop10rgbi_32_373_5671_1_nw_2025.jp2	34167275
aussen	dop10rgbi_32_373_5672_1_nw_2025.jp2	41565540
aussen	dop10rgbi_32_373_5673_1_nw_2025.jp2	38133933
aussen	dop10rgbi_32_373_5674_1_nw_2025.jp2	41203675
aussen	dop10rgbi_32_373_5675_1_nw_2025.jp2	39413092
aussen	dop10rgbi_32_373_5676_1_nw_2025.jp2	44584366
aussen	dop10rgbi_32_373_5677_1_nw_2025.jp2	34534492
aussen	dop10rgbi_32_373_5678_1_nw_2025.jp2	38221775
aussen	dop10rgbi_32_373_5679_1_nw_2025.jp2	46648460
aussen	dop10rgbi_32_373_5680_1_nw_2025.jp2	45067867
aussen	dop10rgbi_32_373_5681_1_nw_2025.jp2	43235518
aussen	dop10rgbi_32_373_5682_1_nw_2025.jp2	44010109
aussen	dop10rgbi_32_373_5683_1_nw_2025.jp2	44194915
aussen	dop10rgbi_32_373_5684_1_nw_2025.jp2	38976488
aussen	dop10rgbi_32_373_5685_1_nw_2025.jp2	35921966
aussen	dop10rgbi_32_373_5686_1_nw_2025.jp2	21990621
aussen	dop10rgbi_32_373_5687_1_nw_2025.jp2	22528559
aussen	dop10rgbi_32_373_5688_1_nw_2025.jp2	23269058
aussen	dop10rgbi_32_373_5689_1_nw_2025.jp2	28859514
aussen	dop10rgbi_32_373_5690_1_nw_2025.jp2	24573197
aussen	dop10rgbi_32_373_5691_1_nw_2025.jp2	25100795
aussen	dop10rgbi_32_373_5692_1_nw_2025.jp2	25268601
aussen	dop10rgbi_32_373_5693_1_nw_2025.jp2	28708512
aussen	dop10rgbi_32_373_5694_1_nw_2025.jp2	28079767
aussen	dop10rgbi_32_373_5695_1_nw_2025.jp2	27407998
aussen	dop10rgbi_32_373_5696_1_nw_2025.jp2	23793401
aussen	dop10rgbi_32_373_5697_1_nw_2025.jp2	26308001
aussen	dop10rgbi_32_374_5663_1_nw_2025.jp2	30358151
aussen	dop10rgbi_32_374_5664_1_nw_2025.jp2	30747584
aussen	dop10rgbi_32_374_5665_1_nw_2025.jp2	32223155
aussen	dop10rgbi_32_374_5666_1_nw_2025.jp2	34610700
aussen	dop10rgbi_32_374_5667_1_nw_2025.jp2	33206998
aussen	dop10rgbi_32_374_5668_1_nw_2025.jp2	30889459
aussen	dop10rgbi_32_374_5669_1_nw_2025.jp2	31085640
aussen	dop10rgbi_32_374_5670_1_nw_2025.jp2	31763411
aussen	dop10rgbi_32_374_5671_1_nw_2025.jp2	31865834
aussen	dop10rgbi_32_374_5672_1_nw_2025.jp2	40942919
aussen	dop10rgbi_32_374_5673_1_nw_2025.jp2	41369956
aussen	dop10rgbi_32_374_5674_1_nw_2025.jp2	39515368
aussen	dop10rgbi_32_374_5675_1_nw_2025.jp2	43545606
aussen	dop10rgbi_32_374_5676_1_nw_2025.jp2	43776291
aussen	dop10rgbi_32_374_5677_1_nw_2025.jp2	43522503
aussen	dop10rgbi_32_374_5678_1_nw_2025.jp2	38084842
aussen	dop10rgbi_32_374_5679_1_nw_2025.jp2	43537146
aussen	dop10rgbi_32_374_5680_1_nw_2025.jp2	46322699
aussen	dop10rgbi_32_374_5681_1_nw_2025.jp2	42361482
aussen	dop10rgbi_32_374_5682_1_nw_2025.jp2	43870750
aussen	dop10rgbi_32_374_5683_1_nw_2025.jp2	43960459
aussen	dop10rgbi_32_374_5684_1_nw_2025.jp2	37850890
aussen	dop10rgbi_32_374_5685_1_nw_2025.jp2	37181723
aussen	dop10rgbi_32_374_5686_1_nw_2025.jp2	24368572
aussen	dop10rgbi_32_374_5687_1_nw_2025.jp2	23779507
aussen	dop10rgbi_32_374_5688_1_nw_2025.jp2	25479931
aussen	dop10rgbi_32_374_5689_1_nw_2025.jp2	24970125
aussen	dop10rgbi_32_374_5690_1_nw_2025.jp2	24239113
aussen	dop10rgbi_32_374_5691_1_nw_2025.jp2	23331117
aussen	dop10rgbi_32_374_5692_1_nw_2025.jp2	24725956
aussen	dop10rgbi_32_374_5693_1_nw_2025.jp2	25856249
aussen	dop10rgbi_32_374_5694_1_nw_2025.jp2	25948799
aussen	dop10rgbi_32_374_5695_1_nw_2025.jp2	26943329
aussen	dop10rgbi_32_374_5696_1_nw_2025.jp2	27458875
aussen	dop10rgbi_32_374_5697_1_nw_2025.jp2	23824115
aussen	dop10rgbi_32_375_5663_1_nw_2025.jp2	28423819
aussen	dop10rgbi_32_375_5664_1_nw_2025.jp2	27313817
aussen	dop10rgbi_32_375_5665_1_nw_2025.jp2	30207650
aussen	dop10rgbi_32_375_5666_1_nw_2025.jp2	33168739
aussen	dop10rgbi_32_375_5667_1_nw_2025.jp2	33983449
aussen	dop10rgbi_32_375_5668_1_nw_2025.jp2	29351904
aussen	dop10rgbi_32_375_5669_1_nw_2025.jp2	30100907
aussen	dop10rgbi_32_375_5670_1_nw_2025.jp2	32843438
aussen	dop10rgbi_32_375_5671_1_nw_2025.jp2	31363843
aussen	dop10rgbi_32_375_5672_1_nw_2025.jp2	38120277
aussen	dop10rgbi_32_375_5673_1_nw_2025.jp2	42751181
aussen	dop10rgbi_32_375_5674_1_nw_2025.jp2	43142931
aussen	dop10rgbi_32_375_5675_1_nw_2025.jp2	44111303
aussen	dop10rgbi_32_375_5676_1_nw_2025.jp2	43530851
aussen	dop10rgbi_32_375_5677_1_nw_2025.jp2	39541425
aussen	dop10rgbi_32_375_5678_1_nw_2025.jp2	40869679
aussen	dop10rgbi_32_375_5679_1_nw_2025.jp2	40995541
aussen	dop10rgbi_32_375_5680_1_nw_2025.jp2	46337520
aussen	dop10rgbi_32_375_5681_1_nw_2025.jp2	40589641
aussen	dop10rgbi_32_375_5682_1_nw_2025.jp2	43147681
aussen	dop10rgbi_32_375_5683_1_nw_2025.jp2	43809316
aussen	dop10rgbi_32_375_5684_1_nw_2025.jp2	44271891
aussen	dop10rgbi_32_375_5685_1_nw_2025.jp2	40637770
aussen	dop10rgbi_32_375_5686_1_nw_2025.jp2	22344451
aussen	dop10rgbi_32_375_5687_1_nw_2025.jp2	25470913
aussen	dop10rgbi_32_375_5688_1_nw_2025.jp2	25475143
aussen	dop10rgbi_32_375_5689_1_nw_2025.jp2	21754666
aussen	dop10rgbi_32_375_5690_1_nw_2025.jp2	22295335
aussen	dop10rgbi_32_375_5691_1_nw_2025.jp2	23817968
aussen	dop10rgbi_32_375_5692_1_nw_2025.jp2	22548273
aussen	dop10rgbi_32_375_5693_1_nw_2025.jp2	26534300
aussen	dop10rgbi_32_375_5694_1_nw_2025.jp2	28156299
aussen	dop10rgbi_32_375_5695_1_nw_2025.jp2	26305410
aussen	dop10rgbi_32_375_5696_1_nw_2025.jp2	29949916
aussen	dop10rgbi_32_375_5697_1_nw_2025.jp2	25121420
